date,code,open,high,low,close,volume,amount
2021-08-23,sh.600030,20.80318221,21.09318147,20.68377075,20.83729977,116459641.0,2848711690.66
2021-08-24,sh.600030,20.94818184,21.62200365,20.8117116,21.44288646,220882177.0,5515599057.92
2021-08-25,sh.600030,21.37465134,21.72435633,21.22112232,21.25523988,135368551.0,3396550358.68
2021-08-26,sh.600030,21.16141659,21.323475,20.94818184,20.96524062,104462404.0,2584003709.85
2021-08-27,sh.600030,21.02494635,21.47700402,20.9822994,21.09318147,103832997.0,2578768899.17
2021-08-30,sh.600030,21.45141585,21.56229792,20.70935892,20.76053526,138613143.0,3418390263.6
2021-08-31,sh.600030,20.68377075,22.28729607,20.63259441,21.90347352,306285504.0,7787736123.8
2021-09-01,sh.600030,21.9205323,23.5411164,21.80112084,22.93552971,437522304.0,11646798442.64
2021-09-02,sh.600030,22.8587652,23.1999408,22.64553045,23.10611751,260435655.0,7004440991.85
2021-09-03,sh.600030,23.9675859,24.07846797,22.58582472,22.67964801,282581184.0,7711825431.86
2021-09-06,sh.600030,22.70523618,23.36199921,22.70523618,22.87582398,180082562.0,4861495805.31
2021-09-07,sh.600030,22.87582398,23.35346982,22.4322957,23.15729385,209608191.0,5642029407.03
2021-09-08,sh.600030,23.029353,23.56670457,22.90994154,22.9440591,156658662.0,4251631335.42
2021-09-09,sh.600030,22.69670679,22.91847093,22.48347204,22.79905947,119915271.0,3193017867.04
2021-09-10,sh.600030,22.86729459,23.86523322,22.86729459,23.25964653,215249192.0,5887666064.55
2021-09-13,sh.600030,23.24258775,23.53258701,23.08052934,23.19141141,121574166.0,3316633770.41
2021-09-14,sh.600030,23.24258775,23.37905799,22.44935448,22.58582472,160229628.0,4290873195.97
2021-09-15,sh.600030,22.53464838,22.72229496,22.18494339,22.38111936,108905216.0,2857648545.48
2021-09-16,sh.600030,22.41523692,22.45788387,21.58788609,21.73288572,134773468.0,3487369504.95
2021-09-17,sh.600030,21.7499445,22.2617079,21.7499445,22.13376705,107762295.0,2781670927.6
2021-09-22,sh.600030,21.75847389,22.15082583,21.5793567,21.91200291,89572723.0,2290076453.35
2021-09-23,sh.600030,22.02288498,22.42376631,21.97170864,22.3470018,104000718.0,2711282463.34
2021-09-24,sh.600030,22.39817814,22.56023655,22.18494339,22.21053156,81694657.0,2140439501.61
2021-09-27,sh.600030,22.19347278,22.38964875,21.64759182,21.87788535,95222937.0,2458101848.73
2021-09-28,sh.600030,21.8352384,22.22759034,21.75847389,22.05700254,71104682.0,1836158848.18
2021-09-29,sh.600030,21.84376779,22.0058262,21.45994524,21.84376779,94426335.0,2408742004.23
2021-09-30,sh.600030,21.87788535,21.98023803,21.38318073,21.56229792,83429037.0,2112289889.13
2021-10-08,sh.600030,21.6646506,22.04847315,21.6646506,21.96317925,75130570.0,1928003140.95
2021-10-11,sh.600030,22.04847315,22.29582546,21.87788535,21.88641474,58934508.0,1525344366.51
2021-10-12,sh.600030,21.74141511,21.87788535,20.93965245,21.20406354,112569024.0,2814644340.42
2021-10-13,sh.600030,21.18700476,21.37465134,21.05053452,21.07612269,60036326.0,1491566054.65
2021-10-14,sh.600030,21.1528872,21.19553415,20.82024099,21.11876964,49316357.0,1215383760.22
2021-10-15,sh.600030,21.0675933,21.42582768,20.9822994,21.28935744,62077888.0,1547360031.61
2021-10-18,sh.600030,21.28935744,21.50259219,21.1528872,21.30641622,48679776.0,1214138617.33
2021-10-19,sh.600030,21.2381811,21.51112158,21.20406354,21.36612195,51162748.0,1281873537.06
2021-10-20,sh.600030,21.47700402,21.51965097,21.30641622,21.323475,50328726.0,1261270362.8
2021-10-21,sh.600030,21.323475,21.65612121,21.22112232,21.45994524,63257028.0,1591270026.13
2021-10-22,sh.600030,21.4940628,21.80965023,21.42582768,21.71582694,69222132.0,1754717788.41
2021-10-25,sh.600030,21.71582694,21.94612047,21.47700402,21.87788535,80874465.0,2058553023.35
2021-10-26,sh.600030,21.87788535,21.92906169,21.53670975,21.54523914,60900289.0,1550328523.96
2021-10-27,sh.600030,21.40023951,21.54523914,20.94818184,21.04200513,80214794.0,1994918673.7
2021-10-28,sh.600030,20.99082879,21.37465134,20.96524062,21.11024025,64838831.0,1610473942.3
2021-10-29,sh.600030,21.323475,22.29582546,21.16141659,22.07406132,164183024.0,4208839254.35
2021-11-01,sh.600030,22.0058262,22.2617079,21.94612047,22.15935522,97959391.0,2540040719.22
2021-11-02,sh.600030,22.0911201,22.25317851,21.53670975,21.77553267,89883688.0,2300876822.62
2021-11-03,sh.600030,21.7499445,21.88641474,21.53670975,21.65612121,57029540.0,1449182234.32
2021-11-04,sh.600030,21.8352384,21.97170864,21.5793567,21.69876816,63036712.0,1605802619.5
2021-11-05,sh.600030,21.5793567,21.89494413,21.51965097,21.63053304,54523818.0,1386543786.18
2021-11-08,sh.600030,21.55376853,21.90347352,21.34053378,21.71582694,56821193.0,1441756439.21
2021-11-09,sh.600030,21.77553267,21.86082657,21.53670975,21.81817962,56357529.0,1435080522.29
2021-11-10,sh.600030,21.74141511,21.80965023,21.12729903,21.33200439,105743048.0,2649688785.0
2021-11-11,sh.600030,21.2381811,22.11670827,21.2381811,21.96317925,145557939.0,3719322567.7
2021-11-12,sh.600030,21.91200291,21.91200291,21.39171012,21.61347426,108859945.0,2756837665.46
2021-11-15,sh.600030,21.64759182,21.7499445,21.36612195,21.51112158,64213673.0,1619936939.33
2021-11-16,sh.600030,21.37465134,21.45141585,20.42788905,20.47906539,228149064.0,5565688291.65
2021-11-17,sh.600030,20.39377149,20.58994746,20.35112454,20.50465356,67813735.0,1628413108.67
2021-11-18,sh.600030,20.470536,20.60700624,20.2146543,20.53877112,78501160.0,1878985476.75
2021-11-19,sh.600030,20.47906539,20.84582916,20.41083027,20.7264177,79663696.0,1928681033.2
2021-11-22,sh.600030,20.70935892,20.91406428,20.67524136,20.71788831,69691326.0,1699313814.9
2021-11-23,sh.600030,20.70935892,20.8970055,20.6411238,20.64965319,64603990.0,1572556787.08
2021-11-24,sh.600030,20.6411238,20.75200587,20.51318295,20.63259441,51681849.0,1248099642.56
2021-11-25,sh.600030,20.59847685,20.67524136,20.48759478,20.54730051,45110508.0,1086929611.93
2021-11-26,sh.600030,20.49612417,20.53877112,20.39377149,20.40230088,47073822.0,1128056855.26
2021-11-29,sh.600030,20.2146543,20.30847759,20.14641918,20.2999482,63221801.0,1499468698.69
2021-11-30,sh.600030,20.42788905,20.46200661,20.23171308,20.27436003,61879933.0,1476947411.38
2021-12-01,sh.600030,20.2146543,20.71788831,20.17200735,20.66671197,84245897.0,2034164815.94
2021-12-02,sh.600030,20.63259441,20.93965245,20.5558299,20.8117116,73973221.0,1803837003.76
2021-12-03,sh.600030,20.8970055,21.2381811,20.85435855,21.13582842,104571887.0,2584044236.92
2021-12-06,sh.600030,21.33200439,22.6028835,21.33200439,22.09964949,316417040.0,8215428683.76
2021-12-07,sh.600030,22.3470018,22.6028835,22.18494339,22.30435485,183699377.0,4821063397.89
2021-12-08,sh.600030,22.47494265,22.70523618,22.22759034,22.59435411,141808680.0,3737147807.48
2021-12-09,sh.600030,22.5175896,23.23405836,22.47494265,22.92700032,189588187.0,5090108068.79
2021-12-10,sh.600030,22.66258923,22.71376557,22.38964875,22.55170716,121397597.0,3207991785.83
2021-12-13,sh.600030,23.029353,23.25964653,22.73935374,22.74788313,154817858.0,4166017710.19
2021-12-14,sh.600030,22.6028835,22.72229496,22.35553119,22.44935448,91013687.0,2401177774.76
2021-12-15,sh.600030,22.57729533,22.82464764,22.44082509,22.5175896,67840263.0,1798785313.1
2021-12-16,sh.600030,22.56023655,22.84170642,22.50906021,22.73082435,59021070.0,1569049267.27
2021-12-17,sh.600030,22.81611825,22.87582398,22.40670753,22.42376631,66580324.0,1764408203.8
2021-12-20,sh.600030,22.4322957,22.6028835,22.01435559,22.07406132,74911893.0,1952963391.42
2021-12-21,sh.600030,22.03141437,22.41523692,22.03141437,22.27023729,53078849.0,1385647973.46
2021-12-22,sh.600030,22.27876668,22.37258997,22.06553193,22.07406132,39866680.0,1035741773.34
2021-12-23,sh.600030,22.09964949,22.22759034,21.93759108,22.11670827,44802878.0,1158008776.98
2021-12-24,sh.600030,22.10817888,22.3470018,21.90347352,21.91200291,49996091.0,1293655211.44
2021-12-27,sh.600030,22.01435559,22.21906095,21.86935596,22.176414,45189583.0,1171037662.03
2021-12-28,sh.600030,22.2617079,22.41523692,22.03994376,22.21906095,54914212.0,1430073410.01
2021-12-29,sh.600030,22.28729607,22.28729607,22.03141437,22.07406132,48599317.0,1262206536.31
2021-12-30,sh.600030,22.04847315,22.70523618,22.04847315,22.49200143,78134617.0,2057978147.78
2021-12-31,sh.600030,22.56876594,22.76494191,22.50906021,22.52611899,67051136.0,1778955655.36
2022-01-04,sh.600030,22.52611899,22.67964801,22.23611973,22.55170716,60626175.0,1595586727.75
2022-01-05,sh.600030,22.44082509,22.55170716,21.92906169,22.12523766,98236320.0,2556421423.37
2022-01-06,sh.600030,22.02288498,22.19347278,21.64759182,21.68170938,89895862.0,2296422305.41
2022-01-07,sh.600030,21.78406206,22.15935522,21.7499445,21.93759108,57216655.0,1472192683.07
2022-01-10,sh.600030,22.13376705,22.25317851,21.95464986,22.03141437,45867051.0,1188399862.63
2022-01-11,sh.600030,22.03141437,22.55170716,21.93759108,22.14229644,65887859.0,1719747122.4
2022-01-12,sh.600030,22.0911201,22.37258997,21.9205323,22.32141363,60587666.0,1573836748.78
2022-01-13,sh.600030,22.73935374,22.89288276,22.46641326,22.48347204,114438216.0,3040495242.69
2022-01-14,sh.600030,21.75847389,22.0058262,21.33200439,21.34906317,185099533.0,4704172333.36
2022-01-17,sh.600030,21.22112232,22.2617079,21.14435781,21.89494413,161964314.0,4151338076.13
2022-01-18,sh.600030,21.86082657,22.20200217,21.78406206,21.9205323,131025343.0,3369833618.66
2022-01-19,sh.600030,21.9205323,21.9205323,21.9205323,21.9205323,,
2022-01-20,sh.600030,21.9205323,21.9205323,21.9205323,21.9205323,,
2022-01-21,sh.600030,21.9205323,21.9205323,21.9205323,21.9205323,,
2022-01-24,sh.600030,21.9205323,21.9205323,21.9205323,21.9205323,,
2022-01-25,sh.600030,21.9205323,21.9205323,21.9205323,21.9205323,,
2022-01-26,sh.600030,21.9205323,21.9205323,21.9205323,21.9205323,,
2022-01-27,sh.600030,22.44523485,22.5266565,21.6038778,21.84814275,224922039.0,5455226609.93
2022-01-28,sh.600030,21.893377,22.9428116,21.8752833,22.255251,179878654.0,4456353054.67
2022-02-07,sh.600030,22.5809376,22.978999,22.42714115,22.8704368,117847182.0,2962016431.14
2022-02-08,sh.600030,22.798062,23.00613955,22.58998445,22.95185845,84622762.0,2135107602.74
2022-02-09,sh.600030,22.91567105,22.9970927,22.64426555,22.89757735,79955449.0,2020199320.92
2022-02-10,sh.600030,22.8161557,22.98804585,22.7075935,22.91567105,62934537.0,1589715087.16
2022-02-11,sh.600030,22.8885305,23.67560645,22.84329625,23.24135765,115987512.0,2996549411.69
2022-02-14,sh.600030,22.978999,23.1418423,22.3638132,22.436188,99627731.0,2492266420.11
2022-02-15,sh.600030,22.26429785,22.4000006,21.99289235,22.33667265,80511183.0,1975261948.08
2022-02-16,sh.600030,22.4000006,22.5447502,22.1828762,22.2009699,68418174.0,1688144917.67
2022-02-17,sh.600030,22.28239155,22.3457195,21.9114707,21.99289235,62812713.0,1535516979.86
2022-02-18,sh.600030,21.92051755,22.3457195,21.92051755,22.2914384,51114941.0,1253203057.88
2022-02-21,sh.600030,22.436188,22.48142225,21.9838455,22.1828762,62934157.0,1540352871.44
2022-02-22,sh.600030,21.9838455,22.02907975,21.46817505,21.73958055,106578687.0,2555568164.19
2022-02-23,sh.600030,21.73958055,21.9476581,21.63101835,21.93861125,76322818.0,1839487956.19
2022-02-24,sh.600030,21.71244,21.73958055,21.01583255,21.2239101,133845636.0,3157525864.27
2022-02-25,sh.600030,21.350566,21.4953156,21.05201995,21.0972542,72758608.0,1707564915.0
2022-02-28,sh.600030,21.03392625,21.1515353,20.81680185,21.10630105,61445364.0,1425287536.0
2022-03-01,sh.600030,21.1515353,21.2239101,20.9163172,21.14248845,76805831.0,1787849856.0
2022-03-02,sh.600030,20.99773885,21.07011365,20.78061445,20.8620361,68857750.0,1590911536.0
2022-03-03,sh.600030,20.9163172,21.01583255,20.81680185,20.988692,57813871.0,1337785440.0
2022-03-04,sh.600030,20.807755,20.83489555,20.5001621,20.56349005,79029058.0,1802673008.0
2022-03-07,sh.600030,20.4277873,20.4277873,19.5231023,19.6678519,141964499.0,3128219488.0
2022-03-08,sh.600030,19.69499245,19.7945078,19.0345724,19.0888535,118329068.0,2541319584.0
2022-03-09,sh.600030,19.179322,19.2516968,18.0937,18.7812606,138208606.0,2869523136.0
2022-03-10,sh.600030,19.179322,19.2516968,18.6184173,18.6907921,123467455.0,2583539696.0
2022-03-11,sh.600030,18.42843345,19.07980665,18.04846575,18.9079165,154696788.0,3162146912.0
2022-03-14,sh.600030,18.5460425,18.9260102,18.4917614,18.5641362,81273814.0,1681293872.0
2022-03-15,sh.600030,18.41033975,18.68174525,17.63231065,17.74087285,156699377.0,3151440336.0
2022-03-16,sh.600030,17.95799725,19.15218145,17.5327953,18.84458855,231060591.0,4703705344.0
2022-03-17,sh.600030,19.04361925,19.29693105,18.6907921,18.7450732,162889429.0,3407112848.0
2022-03-18,sh.600030,18.817448,19.40549325,18.64555785,19.40549325,145058017.0,3054310031.83
2022-03-21,sh.600030,19.0707598,19.09790035,18.6907921,18.82649485,118243508.0,2467372296.66
2022-03-22,sh.600030,18.7269795,19.0526661,18.71793265,18.86268225,66478956.0,1386652929.91
2022-03-23,sh.600030,18.93505705,18.95315075,18.7631669,18.8536354,54951473.0,1146055819.41
2022-03-24,sh.600030,18.7088858,18.89886965,18.6546047,18.7088858,54081859.0,1121941209.88
2022-03-25,sh.600030,18.6546047,18.84458855,18.39224605,18.42843345,61637117.0,1266244930.75
2022-03-28,sh.600030,18.2565433,18.636511,18.1479811,18.5098551,65002636.0,1323383427.12
2022-03-29,sh.600030,18.60937045,18.6546047,18.2565433,18.31987125,53234744.0,1085804758.11
2022-03-30,sh.600030,18.48271455,19.1431346,18.48271455,19.06171295,134041292.0,2799762309.95
2022-03-31,sh.600030,18.89886965,19.0164787,18.817448,18.9079165,68817480.0,1437739412.17
2022-04-01,sh.600030,18.73602635,19.27883735,18.7088858,19.1069472,100026755.0,2105149936.14
2022-04-06,sh.600030,18.91696335,19.1250409,18.84458855,19.1069472,66707020.0,1401218929.98
2022-04-07,sh.600030,18.998385,19.1612283,18.7088858,18.7088858,72482520.0,1516140868.36
2022-04-08,sh.600030,18.79030745,19.09790035,18.60937045,19.0707598,95096452.0,1987247835.4
2022-04-11,sh.600030,18.9802913,18.998385,18.44652715,18.51890195,88909651.0,1832635640.03
2022-04-12,sh.600030,18.51890195,19.360259,18.4917614,19.0888535,115696931.0,2423728061.54
2022-04-13,sh.600030,18.817448,19.0526661,18.6726984,18.7269795,92859147.0,1931557541.88
2022-04-14,sh.600030,18.9079165,19.179322,18.8355417,18.97124445,99287343.0,2088214902.38
2022-04-15,sh.600030,18.9079165,19.0888535,18.7631669,18.8898228,77065140.0,1611278731.24
2022-04-18,sh.600030,18.6907921,18.6907921,18.1841685,18.35605865,92584262.0,1882755876.79
2022-04-19,sh.600030,18.37415235,18.4736677,18.19321535,18.2927307,57387434.0,1163116379.6
2022-04-20,sh.600030,18.2384496,18.33796495,17.97609095,18.01227835,71213321.0,1426214527.35
2022-04-21,sh.600030,17.95799725,18.3108244,17.83134135,17.9489504,83654466.0,1670154355.14
2022-04-22,sh.600030,17.8042008,18.1117937,17.75896655,17.9851378,73904089.0,1470291949.55
2022-04-25,sh.600030,17.63231065,18.04846575,17.37899885,17.39709255,105141543.0,2057375930.49
2022-04-26,sh.600030,17.39709255,17.46946735,16.47431385,16.58287605,145888606.0,2740075636.34
2022-04-27,sh.600030,16.3747985,17.17996815,16.29337685,17.01712485,103662752.0,1930097267.96
2022-04-28,sh.600030,16.87237525,17.0442654,16.69143825,16.98093745,78335859.0,1462246036.97
2022-04-29,sh.600030,17.4423268,17.9851378,17.12568705,17.81324765,157135792.0,3059354435.05
2022-05-05,sh.600030,17.61421695,17.79515395,17.52374845,17.5327953,81889220.0,1595800944.83
2022-05-06,sh.600030,17.189015,17.3337646,17.008078,17.008078,66916313.0,1265980645.23
2022-05-09,sh.600030,16.96284375,17.08949965,16.87237525,16.94475005,42202096.0,791761663.54
2022-05-10,sh.600030,16.74571935,17.3518583,16.7185788,17.19806185,69568652.0,1315714502.47
2022-05-11,sh.600030,17.23424925,17.6594512,17.1528276,17.30662405,97680157.0,1883547827.26
2022-05-12,sh.600030,17.19806185,17.52374845,17.1709213,17.27043665,53280922.0,1018389172.1
2022-05-13,sh.600030,17.369952,17.4966079,17.2613898,17.45137365,56155815.0,1078771323.6
2022-05-16,sh.600030,17.57802955,17.61421695,17.17996815,17.25234295,59129590.0,1134387155.81
2022-05-17,sh.600030,17.3156709,17.59612325,17.189015,17.4785142,60007350.0,1154783361.89
2022-05-18,sh.600030,17.5327953,17.72277915,17.4604205,17.6594512,77286235.0,1504432616.22
2022-05-19,sh.600030,17.41518625,17.5870764,17.369952,17.52374845,48800851.0,940895893.9
2022-05-20,sh.600030,17.6956386,17.9670441,17.6594512,17.86752875,92175256.0,1816395798.06
2022-05-23,sh.600030,17.7861071,17.912763,17.6413575,17.8222945,57712688.0,1133136154.55
2022-05-24,sh.600030,17.8042008,17.8584819,17.39709255,17.4061394,62809226.0,1224046503.73
2022-05-25,sh.600030,17.41518625,17.5870764,17.37899885,17.46946735,43326343.0,835603946.75
2022-05-26,sh.600030,17.48756105,17.86752875,17.37899885,17.7499197,66040447.0,1289281157.58
2022-05-27,sh.600030,17.8042008,17.912763,17.6413575,17.74087285,55147402.0,1084452030.06
2022-05-30,sh.600030,17.8042008,17.8765756,17.59612325,17.6413575,51413910.0,1006754835.5
2022-05-31,sh.600030,17.6232638,17.9308567,17.57802955,17.90371615,74046278.0,1456466211.13
2022-06-01,sh.600030,17.912763,18.0032315,17.6413575,17.74087285,58577822.0,1151985191.3
2022-06-02,sh.600030,17.6232638,17.88562245,17.4966079,17.8042008,73083518.0,1431501512.52
2022-06-06,sh.600030,17.731826,18.15702795,17.6232638,18.0575126,106521297.0,2114788181.44
2022-06-07,sh.600030,18.03037205,18.4736677,17.9851378,18.19321535,121889407.0,2462366349.09
2022-06-08,sh.600030,18.2565433,18.5098551,18.13893425,18.4193866,112341851.0,2274137708.54
2022-06-09,sh.600030,18.42843345,18.7812606,18.22940275,18.30177755,112643288.0,2302461290.49
2022-06-10,sh.600030,18.1841685,18.93505705,18.1298874,18.80840115,137841552.0,2821335822.08
2022-06-13,sh.600030,18.5279488,18.6184173,18.19321535,18.33796495,119970788.0,2439449278.6
2022-06-14,sh.600030,18.0937,19.13408775,17.74087285,19.09790035,204170769.0,4153409394.59
2022-06-15,sh.600030,19.179322,20.58158375,19.17027515,19.78546095,387078240.0,8513421374.68
2022-06-16,sh.600030,19.71308615,19.71308615,18.817448,18.8355417,245636172.0,5205614911.15
2022-06-17,sh.600030,18.636511,19.22455625,18.50080825,18.8355417,147740014.0,3071579907.86
2022-06-20,sh.600030,18.80840115,19.06171295,18.60937045,18.7450732,112338363.0,2328711843.48
2022-06-21,sh.600030,18.69983895,19.17027515,18.68174525,19.00743185,130347041.0,2721466191.98
2022-06-22,sh.600030,19.04361925,19.2155094,18.7088858,18.7812606,108703754.0,2273574971.26
2022-06-23,sh.600030,18.75412005,20.1744755,18.7450732,19.69499245,218982535.0,4717812248.02
2022-06-24,sh.600030,19.7583204,19.8849763,19.44168065,19.56833655,135348461.0,2930563833.96
2022-06-27,sh.600030,19.67689875,19.93021055,19.541196,19.722133,114777407.0,2504562259.64
2022-06-28,sh.600030,19.67689875,19.89402315,19.2697905,19.67689875,130724162.0,2817082077.66
2022-06-29,sh.600030,19.5231023,19.76736725,19.33311845,19.36930585,102487381.0,2212563602.05
2022-06-30,sh.600030,19.3964464,19.85783575,19.3964464,19.5954771,105079372.0,2282859791.51
2022-07-01,sh.600030,19.6316645,19.6678519,19.22455625,19.3059779,76240524.0,1637094315.75
2022-07-04,sh.600030,19.3059779,19.42358695,18.9079165,19.3964464,97443865.0,2063687975.49
2022-07-05,sh.600030,19.40549325,19.58643025,18.91696335,19.1431346,97833758.0,2072638882.9
2022-07-06,sh.600030,19.04361925,19.1974157,18.86268225,18.9260102,78223168.0,1640435210.97
2022-07-07,sh.600030,18.93505705,19.06171295,18.8536354,18.89886965,56550116.0,1183417274.94
2022-07-08,sh.600030,18.9621976,19.0164787,18.66365155,18.69983895,70928516.0,1476542955.52
2022-07-11,sh.600030,18.5641362,18.6184173,18.22940275,18.274637,101975391.0,2072625942.65
2022-07-12,sh.600030,18.31987125,18.48271455,18.2022622,18.2927307,72840383.0,1475160290.53
2022-07-13,sh.600030,18.2927307,18.44652715,18.22940275,18.2927307,54402374.0,1102259333.33
2022-07-14,sh.600030,18.2565433,18.2927307,18.0937,18.1117937,56537824.0,1136079835.44
2022-07-15,sh.600030,18.0937,18.2384496,17.70468545,17.70468545,84482229.0,1680384788.49
2022-07-18,sh.600030,17.77706025,18.06655945,17.77706025,17.97609095,62230230.0,1234444120.01
2022-07-19,sh.600030,17.97609095,18.1660748,17.8222945,18.0575126,56733751.0,1127763565.85
2022-07-20,sh.600030,18.1117937,18.17512165,18.03037205,18.0756063,47160729.0,943903048.78
2022-07-21,sh.600030,18.0394189,18.08465315,17.8765756,17.88562245,42683240.0,848576662.08
2022-07-22,sh.600030,17.9489504,18.13893425,17.84943505,17.9851378,47138943.0,937888911.39
2022-07-25,sh.600030,17.97609095,17.9851378,17.74087285,17.7861071,46347869.0,912775390.36
2022-07-26,sh.600030,17.8222945,18.01227835,17.8042008,17.93990355,34384560.0,680693832.12
2022-07-27,sh.600030,17.86752875,17.9851378,17.84943505,17.92180985,32673454.0,647004596.21
2022-07-28,sh.600030,18.01227835,18.2022622,17.95799725,17.97609095,59537617.0,1189440909.9
2022-07-29,sh.600030,17.9851378,18.1660748,17.72277915,17.731826,58242166.0,1152065653.13
2022-08-01,sh.600030,17.68659175,17.6956386,17.4061394,17.4966079,56155971.0,1086370170.53
2022-08-02,sh.600030,17.2794835,17.2794835,16.827141,17.008078,95612427.0,1800256409.77
2022-08-03,sh.600030,17.008078,17.17996815,16.9176095,16.96284375,56153809.0,1057628962.92
2022-08-04,sh.600030,17.01712485,17.21615555,16.99903115,17.0442654,61983348.0,1170035869.0
2022-08-05,sh.600030,17.07140595,17.48756105,17.03521855,17.4604205,70252170.0,1340690461.0
2022-08-08,sh.600030,17.3880457,17.6232638,17.36090515,17.57802955,47086263.0,911638245.0
2022-08-09,sh.600030,17.550889,17.7680134,17.4966079,17.5327953,50554449.0,984708370.0
2022-08-10,sh.600030,17.55993585,17.81324765,17.4423268,17.6232638,48722345.0,950413303.0
2022-08-11,sh.600030,17.74087285,18.31987125,17.65040435,18.24749645,139731113.0,2794285676.0
2022-08-12,sh.600030,18.0937,18.2384496,18.0394189,18.1479811,74175036.0,1486937917.0
2022-08-15,sh.600030,18.0575126,18.26559015,17.99418465,18.04846575,50225495.0,1005543300.06
2022-08-16,sh.600030,18.0937,18.19321535,18.01227835,18.0394189,37111055.0,742068575.56
2022-08-17,sh.600030,18.08465315,18.3470118,17.92180985,18.274637,77617825.0,1562602114.2
2022-08-18,sh.600030,18.1841685,18.274637,18.06655945,18.1117937,37190218.0,746336597.61
2022-08-19,sh.600030,18.1298874,18.2565433,18.0575126,18.0756063,37306157.0,748570007.68
2022-08-22,sh.600030,18.0213252,18.2022622,18.0032315,18.04846575,36270255.0,725333781.64
2022-08-23,sh.600030,18.04846575,18.2565433,17.92180985,18.0032315,51528235.0,1028794271.95
2022-08-24,sh.600030,17.99418465,18.22940275,17.6413575,17.6775449,76814972.0,1523222369.62
2022-08-25,sh.600030,17.6956386,18.3470118,17.65040435,18.2022622,96157089.0,1913109809.13
2022-08-26,sh.600030,18.3138292,18.33242192,17.97916024,18.0349384,64858949.0,1264575446.99
2022-08-29,sh.600030,17.92338208,18.127902,17.85830756,18.00704932,39991409.0,773930982.47
2022-08-30,sh.600030,17.99775296,18.127902,17.663084,17.895493,60910384.0,1169277160.2
2022-08-31,sh.600030,17.8025294,18.36960736,17.77464032,18.14649472,88923112.0,1730202291.27
2022-09-01,sh.600030,18.01634568,18.127902,17.82112212,17.9419748,53011085.0,1025710174.69
2022-09-02,sh.600030,17.9419748,18.10930928,17.7560476,17.88619664,44617925.0,859353524.81
2022-09-05,sh.600030,17.81182576,17.97916024,17.73745488,17.91408572,43061279.0,825521886.2
2022-09-06,sh.600030,17.9419748,18.127902,17.92338208,18.10930928,59981828.0,1163733942.9
2022-09-07,sh.600030,18.0349384,18.0814202,17.9419748,18.00704932,31908676.0,617375996.61
2022-09-08,sh.600030,18.0349384,18.16508744,17.95127116,17.95127116,37476782.0,727404073.4
2022-09-09,sh.600030,17.9884566,18.51834912,17.96056752,18.38820008,100742074.0,1984218132.95
2022-09-13,sh.600030,18.46257096,18.59272,18.33242192,18.43468188,62230131.0,1237405554.16
2022-09-14,sh.600030,18.2208656,18.35101464,18.16508744,18.20227288,52353243.0,1027554615.99
2022-09-15,sh.600030,18.2208656,18.4067928,18.04423476,18.15579108,61597212.0,1208139227.82
2022-09-16,sh.600030,18.02564204,18.10001292,17.06811696,17.12389512,191865438.0,3568153682.33
2022-09-19,sh.600030,17.0588206,17.25404416,17.02163516,17.12389512,65878315.0,1214639439.11
2022-09-20,sh.600030,17.16108056,17.26334052,17.03093152,17.12389512,44783614.0,826409452.9
2022-09-21,sh.600030,17.02163516,17.2447478,16.95656064,17.13319148,48107051.0,883134037.74
2022-09-22,sh.600030,16.99374608,17.17967328,16.97515336,17.09600604,32702348.0,600874335.5
2022-09-23,sh.600030,17.07741332,17.198266,16.965857,17.06811696,37678620.0,693021349.26
2022-09-26,sh.600030,16.95656064,17.02163516,16.733448,16.75204072,47775469.0,867140318.04
2022-09-27,sh.600030,16.8264116,16.90078248,16.57540988,16.79852252,59660975.0,1072756775.32
2022-09-28,sh.600030,16.69626256,16.733448,16.4080754,16.47314992,54425384.0,970287342.75
2022-09-29,sh.600030,16.5940026,16.61259532,16.10129552,16.1756664,56827620.0,998002670.86
2022-09-30,sh.600030,16.16637004,16.33370452,16.13848096,16.19425912,41239914.0,720565494.06
2022-10-10,sh.600030,16.06411008,16.37088996,16.036221,16.11059188,44461082.0,775291355.57
2022-10-11,sh.600030,16.18496276,16.4080754,16.05481372,16.16637004,39316492.0,685117714.7
2022-10-12,sh.600030,16.16637004,16.56611352,16.0827028,16.53822444,56254789.0,988898507.51
2022-10-13,sh.600030,16.47314992,16.51963172,16.35229724,16.46385356,41440444.0,732435144.18
2022-10-14,sh.600030,16.61259532,16.9193752,16.56611352,16.79852252,62160623.0,1122144653.28
2022-10-17,sh.600030,16.733448,16.965857,16.69626256,16.90078248,39546042.0,718127458.46
2022-10-18,sh.600030,16.93796792,17.0123388,16.8264116,16.89148612,37594828.0,683828852.73
2022-10-19,sh.600030,16.88218976,16.98444972,16.78922616,16.8264116,43564045.0,789800041.91
2022-10-20,sh.600030,16.7799298,17.06811696,16.75204072,16.8264116,46229114.0,839249616.27
2022-10-21,sh.600030,17.09600604,17.198266,16.86359704,16.9193752,70202020.0,1286407733.44
2022-10-24,sh.600030,17.03093152,17.2447478,16.41737176,16.51033536,85251766.0,1538595726.77
2022-10-25,sh.600030,16.5475208,16.70555892,16.23144456,16.29651908,73666778.0,1298643943.0
2022-10-26,sh.600030,16.26863,16.58470624,16.2221482,16.29651908,69515314.0,1222304305.72
2022-10-27,sh.600030,16.34300088,16.55681716,16.3151118,16.3615936,51271482.0,905111218.79
2022-10-28,sh.600030,16.28722272,16.39877904,15.9432574,16.00833192,59471142.0,1033364038.9
2022-10-31,sh.600030,15.98044284,16.21285184,15.84099744,15.99903556,61830415.0,1064433272.94
2022-11-01,sh.600030,16.06411008,16.6404844,16.04551736,16.6404844,83409411.0,1472122076.53
2022-11-02,sh.600030,16.4545572,16.75204072,16.42666812,16.64978076,65151125.0,1161990070.98
2022-11-03,sh.600030,16.5940026,16.62189168,16.4080754,16.48244628,37755465.0,670310453.7
2022-11-04,sh.600030,16.46385356,17.09600604,16.46385356,16.965857,86270559.0,1566133757.36
2022-11-07,sh.600030,16.8728934,17.1053024,16.83570796,16.98444972,59813022.0,1093059798.72
2022-11-08,sh.600030,17.0123388,17.09600604,16.84500432,16.99374608,37208130.0,678142379.79
2022-11-09,sh.600030,16.98444972,17.11459876,16.9193752,16.965857,33356453.0,610214924.51
2022-11-10,sh.600030,16.88218976,17.2447478,16.84500432,17.13319148,61765177.0,1135083187.7
2022-11-11,sh.600030,17.663084,17.8490112,17.39348956,17.62589856,124793778.0,2365374901.72
2022-11-14,sh.600030,17.79323304,18.14649472,17.663084,17.8490112,134059198.0,2584313144.06
2022-11-15,sh.600030,17.76534396,18.67638724,17.76534396,18.4067928,142483317.0,2808436508.09
2022-11-16,sh.600030,18.32312556,18.47186732,18.0349384,18.06282748,73020755.0,1428915771.76
2022-11-17,sh.600030,17.99775296,18.11860564,17.88619664,18.09071656,51361801.0,994845908.16
2022-11-18,sh.600030,18.0814202,18.127902,17.77464032,17.8025294,56586483.0,1089377395.91
2022-11-21,sh.600030,17.663084,17.663084,17.3841932,17.5236386,46038106.0,866142944.52
2022-11-22,sh.600030,17.60730584,17.96986388,17.49574952,17.81182576,53508775.0,1021392562.2
2022-11-23,sh.600030,17.78393668,18.05353112,17.73745488,17.86760392,48763730.0,939238706.75
2022-11-24,sh.600030,18.01634568,18.11860564,17.72815852,17.7560476,40616459.0,781955001.81
2022-11-25,sh.600030,17.7560476,18.0814202,17.71886216,17.9884566,54237450.0,1048979347.86
2022-11-28,sh.600030,17.663084,17.7095658,17.430675,17.67238036,53679828.0,1013846303.7
2022-11-29,sh.600030,17.7095658,18.50905276,17.7095658,18.35101464,121273259.0,2376980931.7
2022-11-30,sh.600030,18.2673474,18.67638724,18.23945832,18.42538552,105567645.0,2100630624.62
2022-12-01,sh.600030,18.76005448,19.48517056,18.52764548,18.56483092,197949708.0,4043440760.07
2022-12-02,sh.600030,18.59272,18.71357268,18.35101464,18.43468188,58584964.0,1164943796.02
2022-12-05,sh.600030,18.72286904,19.41079968,18.72286904,19.36431788,168080567.0,3464055944.68
2022-12-06,sh.600030,19.17839068,19.76406136,19.17839068,19.4293924,125161813.0,2623225949.14
2022-12-07,sh.600030,19.37361424,19.50376328,19.057538,19.14120524,76081404.0,1572242846.3
2022-12-08,sh.600030,19.1040198,19.26205792,18.9645744,19.06683436,63247457.0,1296641377.99
2022-12-09,sh.600030,19.1040198,19.29924336,18.83442536,19.18768704,84404958.0,1730139477.8
2022-12-12,sh.600030,19.00175984,19.1040198,18.74146176,18.81583264,69433652.0,1410994404.31
2022-12-13,sh.600030,18.8716108,19.057538,18.78794356,18.8716108,59767149.0,1216271654.68
2022-12-14,sh.600030,18.9180926,19.2434652,18.74146176,19.09472344,59059350.0,1209323881.82
2022-12-15,sh.600030,19.0110562,19.1505016,18.825129,18.84372172,43305946.0,881017355.04
2022-12-16,sh.600030,18.79723992,19.13190888,18.76935084,18.97387076,59449899.0,1209081445.75
2022-12-19,sh.600030,19.02035256,19.1505016,18.46257096,18.55553456,68277182.0,1376290870.29
2022-12-20,sh.600030,18.4997564,18.6856836,18.18368016,18.32312556,48812040.0,967149200.0
2022-12-21,sh.600030,18.44397824,18.4532746,18.28594012,18.35101464,29533481.0,583451980.13
2022-12-22,sh.600030,18.59272,18.64849816,18.37890372,18.47186732,46856350.0,933124630.77
2022-12-23,sh.600030,18.34171828,18.56483092,18.29523648,18.39749644,35493718.0,703233961.49
2022-12-26,sh.600030,18.360311,18.50905276,18.23945832,18.28594012,34223769.0,674190442.72
2022-12-27,sh.600030,18.4067928,18.75075812,18.3138292,18.72286904,59665274.0,1194599236.46
2022-12-28,sh.600030,18.64849816,18.7321654,18.55553456,18.6392018,31369783.0,628623837.34
2022-12-29,sh.600030,18.4997564,18.57412728,18.24875468,18.38820008,48367877.0,954677743.56
2022-12-30,sh.600030,18.4532746,18.7321654,18.4532746,18.50905276,44871281.0,897017211.55
2023-01-03,sh.600030,18.38820008,18.56483092,17.99775296,18.4997564,69294429.0,1365455659.22
2023-01-04,sh.600030,18.53694184,18.7786472,18.4997564,18.7321654,49264467.0,989875833.45
2023-01-05,sh.600030,18.8716108,19.1040198,18.78794356,19.00175984,78058636.0,1591291318.75
2023-01-06,sh.600030,18.90879624,19.06683436,18.825129,18.97387076,50333737.0,1026057457.1
2023-01-09,sh.600030,19.1040198,19.4293924,19.057538,19.1969834,78613352.0,1626914351.05
2023-01-10,sh.600030,19.1505016,19.29924336,18.97387076,19.00175984,47981044.0,986290680.86
2023-01-11,sh.600030,19.057538,19.13190888,18.76935084,18.90879624,55266759.0,1125438269.06
2023-01-12,sh.600030,18.95527804,19.02964892,18.79723992,19.02035256,38784306.0,789388196.27
2023-01-13,sh.600030,19.02035256,19.289947,18.84372172,19.289947,82863902.0,1704679743.27
2023-01-16,sh.600030,19.31783608,20.44269564,19.20627976,20.02435944,236624301.0,5085505440.86
2023-01-17,sh.600030,19.86632132,20.14521212,19.8012468,20.10802668,80704744.0,1732795031.23
2023-01-18,sh.600030,19.99647036,20.1731012,19.87561768,19.87561768,59336899.0,1274724374.08
2023-01-19,sh.600030,19.82913588,20.10802668,19.76406136,20.09873032,67817960.0,1454364178.75
2023-01-20,sh.600030,20.11732304,20.1731012,19.8477286,20.14521212,71077974.0,1534298760.0
2023-01-30,sh.600030,20.684401,20.72158644,19.94998856,20.08943396,127823154.0,2779462653.15
2023-01-31,sh.600030,20.20099028,20.29395388,19.79195044,19.90350676,82906282.0,1786535982.52
2023-02-01,sh.600030,19.97787764,20.61932648,19.90350676,20.53565924,100556616.0,2188098233.86
2023-02-02,sh.600030,20.88892092,20.90751364,19.8942104,19.92209948,194369152.0,4207608078.86
2023-02-03,sh.600030,19.8012468,19.87561768,19.57813416,19.85702496,81982031.0,1739508782.72
2023-02-06,sh.600030,19.67109776,19.67109776,19.3364288,19.3829106,78873041.0,1652494588.0
2023-02-07,sh.600030,19.4758742,19.55024508,19.36431788,19.4293924,41628582.0,870715019.33
2023-02-08,sh.600030,19.43868876,19.50376328,19.34572516,19.40150332,30749474.0,642319284.75
2023-02-09,sh.600030,19.37361424,19.68039412,19.3364288,19.68039412,50569213.0,1064504320.58
2023-02-10,sh.600030,19.6153196,19.6153196,19.41079968,19.48517056,38988599.0,818068365.15
2023-02-13,sh.600030,19.35502152,19.55024508,19.289947,19.45728148,47059216.0,982251452.7
2023-02-14,sh.600030,19.522356,19.54094872,19.29924336,19.44798512,37826103.0,789200109.32
2023-02-15,sh.600030,19.42009604,19.48517056,19.25276156,19.289947,44150235.0,917073305.8
2023-02-16,sh.600030,19.30853972,19.5688378,18.9645744,19.12261252,75467200.0,1570985449.14
2023-02-17,sh.600030,19.1040198,19.1969834,18.80653628,18.81583264,53464914.0,1094081583.01
2023-02-20,sh.600030,19.02964892,19.6153196,18.97387076,19.55954144,96545541.0,2006356647.94
2023-02-21,sh.600030,19.45728148,19.68039412,19.42009604,19.60602324,71727165.0,1509584142.84
2023-02-22,sh.600030,19.522356,19.6153196,19.27135428,19.3364288,69016739.0,1442714212.89
2023-02-23,sh.600030,19.34572516,19.68969048,19.34572516,19.55024508,69463259.0,1461387798.18
2023-02-24,sh.600030,19.5688378,19.60602324,19.14120524,19.14120524,76029528.0,1576456261.02
2023-02-27,sh.600030,18.94598168,19.09472344,18.8716108,19.00175984,37436202.0,765068167.17
2023-02-28,sh.600030,19.057538,19.21557612,18.9180926,19.1969834,41840610.0,858376722.19
2023-03-01,sh.600030,19.15979796,19.522356,19.08542708,19.4293924,57092049.0,1189825667.0
2023-03-02,sh.600030,19.37361424,19.51305964,19.31783608,19.41079968,39571172.0,826551674.2
2023-03-03,sh.600030,19.44798512,19.73617228,19.3829106,19.68039412,71036141.0,1496285928.22
2023-03-06,sh.600030,19.68969048,19.69898684,19.17839068,19.23416884,87747883.0,1829806798.58
2023-03-07,sh.600030,19.1969834,19.67109776,19.02964892,19.06683436,120109755.0,2501219155.85
2023-03-08,sh.600030,18.95527804,19.0110562,18.825129,18.92738896,67684041.0,1376618832.57
2023-03-09,sh.600030,19.00175984,19.06683436,18.83442536,18.85301808,44234894.0,900495808.71
2023-03-10,sh.600030,18.70427632,18.74146176,18.50905276,18.58342364,58713024.0,1176959572.39
2023-03-13,sh.600030,18.59272,18.76005448,18.5462382,18.71357268,44613133.0,895084584.28
2023-03-14,sh.600030,18.62060908,18.6392018,18.30453284,18.46257096,56896129.0,1129415982.87
2023-03-15,sh.600030,18.62990544,18.6856836,18.53694184,18.6392018,49521098.0,992407890.23
2023-03-16,sh.600030,18.4532746,18.67638724,18.43468188,18.50905276,47292320.0,944159544.28
2023-03-17,sh.600030,18.6392018,19.057538,18.6392018,18.74146176,88154824.0,1785662523.93
2023-03-20,sh.600030,18.74146176,18.98316712,18.60201636,18.6392018,65184520.0,1316058835.95
2023-03-21,sh.600030,18.71357268,18.9180926,18.6392018,18.78794356,43853465.0,885654386.11
2023-03-22,sh.600030,18.8716108,18.94598168,18.75075812,18.8716108,53998250.0,1094844206.83
2023-03-23,sh.600030,18.74146176,19.057538,18.71357268,19.04824164,50900685.0,1037667741.42
2023-03-24,sh.600030,19.02035256,19.14120524,18.93668532,19.07613072,42871624.0,878613152.99
2023-03-27,sh.600030,19.07613072,19.14120524,18.84372172,18.9645744,51391665.0,1049583839.61
2023-03-28,sh.600030,19.00175984,19.04824164,18.8716108,18.95527804,38034140.0,775246858.98
2023-03-29,sh.600030,19.03894528,19.04824164,18.6856836,18.78794356,48101074.0,973412021.38
2023-03-30,sh.600030,18.75075812,19.16909432,18.64849816,19.03894528,57689081.0,1173840729.59
2023-03-31,sh.600030,18.97387076,19.14120524,18.93668532,19.03894528,39027074.0,799826390.02
2023-04-03,sh.600030,19.03894528,19.5688378,19.02964892,19.522356,128558535.0,2680201164.98
2023-04-04,sh.600030,19.522356,19.6618014,19.4293924,19.58743052,99253593.0,2088420959.34
2023-04-06,sh.600030,19.5688378,19.59672688,19.34572516,19.42009604,56680174.0,1186593277.06
2023-04-07,sh.600030,19.4293924,19.8477286,19.36431788,19.68039412,78999864.0,1667342292.95
2023-04-10,sh.600030,19.81983952,19.94998856,19.5688378,19.63391232,84966504.0,1807635650.19
2023-04-11,sh.600030,19.754765,20.18239756,19.74546864,19.83843224,116138994.0,2496887123.9
2023-04-12,sh.600030,19.83843224,19.96858128,19.73617228,19.83843224,61283348.0,1306727741.03
2023-04-13,sh.600030,19.72687592,19.73617228,19.45728148,19.46657784,64718439.0,1362170049.56
2023-04-14,sh.600030,19.53165236,19.64320868,19.35502152,19.4758742,48102498.0,1008174941.13
2023-04-17,sh.600030,19.4758742,20.24747208,19.43868876,20.24747208,162422806.0,3496576628.3
2023-04-18,sh.600030,20.23817572,20.37762112,20.0801376,20.20099028,99057868.0,2156498959.07
2023-04-19,sh.600030,20.18239756,20.20099028,19.91280312,19.96858128,65868389.0,1420881183.58
2023-04-20,sh.600030,19.90350676,20.07084124,19.82913588,20.0336558,56848392.0,1220398231.98
2023-04-21,sh.600030,20.00576672,20.02435944,19.3364288,19.34572516,95291729.0,2011565962.72
2023-04-24,sh.600030,19.32713244,19.4293924,19.04824164,19.16909432,71296672.0,1474860985.27
2023-04-25,sh.600030,19.1505016,19.4293924,19.04824164,19.26205792,74554055.0,1540111176.0
2023-04-26,sh.600030,19.1505016,19.29924336,19.03894528,19.17839068,65194027.0,1343921019.92
2023-04-27,sh.600030,19.1505016,19.6153196,19.08542708,19.55024508,88640057.0,1848054657.08
2023-04-28,sh.600030,19.31783608,19.73617228,19.08542708,19.54094872,126827870.0,2658143470.31
2023-05-04,sh.600030,19.36431788,19.94998856,19.07613072,19.77335772,107027240.0,2253852597.35
2023-05-05,sh.600030,19.86632132,20.66580828,19.8477286,20.38691748,218306583.0,4787990387.88
2023-05-08,sh.600030,20.2660648,21.36303528,20.1266194,21.09344084,283876218.0,6358561217.0
2023-05-09,sh.600030,21.27007168,22.22759676,21.1027372,21.13992264,402373594.0,9384941675.58
2023-05-10,sh.600030,20.91681,21.06555176,20.23817572,20.34973204,210339984.0,4656419689.55
2023-05-11,sh.600030,20.37762112,20.55425196,20.19169392,20.2660648,83092668.0,1820599631.19
2023-05-12,sh.600030,20.22887936,20.34043568,19.92209948,19.987174,85129080.0,1838150021.05
2023-05-15,sh.600030,19.95928492,20.3590284,19.59672688,20.28465752,112291816.0,2414280250.19
2023-05-16,sh.600030,20.2660648,20.5914374,20.15450848,20.2660648,80485515.0,1760859552.17
2023-05-17,sh.600030,20.1731012,20.3590284,20.0336558,20.13591576,48331983.0,1048547410.84
2023-05-18,sh.600030,20.14521212,20.47058472,20.0801376,20.14521212,60472352.0,1316619074.24
2023-05-19,sh.600030,20.0801376,20.0801376,19.71757956,19.79195044,76675284.0,1634752012.12
2023-05-22,sh.600030,19.77335772,19.94998856,19.71757956,19.8012468,48494921.0,1032995598.15
2023-05-23,sh.600030,19.78265408,19.81983952,19.3829106,19.3829106,77384570.0,1625452015.72
2023-05-24,sh.600030,19.37361424,19.37361424,18.83442536,18.85301808,109007651.0,2233926547.04
2023-05-25,sh.600030,18.78794356,18.92738896,18.6856836,18.89020352,66011739.0,1336241723.87
2023-05-26,sh.600030,18.89020352,19.04824164,18.74146176,18.93668532,45769269.0,930327419.94
2023-05-29,sh.600030,18.92738896,19.00175984,18.79723992,18.9180926,50016271.0,1017562179.78
2023-05-30,sh.600030,18.95527804,19.02035256,18.6856836,18.92738896,65588311.0,1330113854.35
2023-05-31,sh.600030,18.8716108,18.8716108,18.5462382,18.6392018,98247798.0,1970325164.06
2023-06-01,sh.600030,18.6392018,18.88090716,18.55553456,18.6856836,75012546.0,1508997265.67
2023-06-02,sh.600030,18.7321654,18.84372172,18.69497996,18.76935084,88261978.0,1782217067.38
2023-06-05,sh.600030,18.7786472,18.79723992,18.57412728,18.59272,61300447.0,1231346309.97
2023-06-06,sh.600030,18.59272,18.78794356,18.4067928,18.43468188,74098024.0,1482148342.49
2023-06-07,sh.600030,18.4532746,18.62990544,18.41608916,18.47186732,47680278.0,949185852.23
2023-06-08,sh.600030,18.48116368,18.86231444,18.35101464,18.7786472,77134635.0,1548094659.44
2023-06-09,sh.600030,18.76005448,18.8716108,18.66709088,18.76005448,51067840.0,1030974935.03
2023-06-12,sh.600030,18.7321654,18.75075812,18.43468188,18.4532746,89754722.0,1788103754.69
2023-06-13,sh.600030,18.41608916,18.59272,18.41608916,18.57412728,50998973.0,1016642730.77
2023-06-14,sh.600030,18.59272,18.83442536,18.57412728,18.59272,75619125.0,1521827733.21
2023-06-15,sh.600030,18.71357268,18.92738896,18.62060908,18.8716108,83087922.0,1679572452.91
2023-06-16,sh.600030,18.89949988,18.99246348,18.79723992,18.95527804,70242566.0,1428084238.18
2023-06-19,sh.600030,18.94598168,18.94598168,18.67638724,18.7321654,67958305.0,1371655372.32
2023-06-20,sh.600030,18.7321654,18.78794356,18.59272,18.64849816,60137878.0,1207409414.39
2023-06-21,sh.600030,18.61131272,18.67638724,18.42538552,18.4532746,51231779.0,1022579948.55
2023-06-26,sh.600030,18.27664376,18.27664376,17.92338208,17.93267844,83398003.0,1618562464.36
2023-06-27,sh.600030,17.9419748,18.18368016,17.9419748,18.11860564,37666567.0,731925831.12
2023-06-28,sh.600030,18.10001292,18.16508744,17.99775296,18.127902,38411665.0,747052104.81
2023-06-29,sh.600030,18.11860564,18.19297652,18.00704932,18.07212384,29588577.0,575913726.8
2023-06-30,sh.600030,18.05353112,18.50905276,18.05353112,18.38820008,51832942.0,1022917692.95
2023-07-03,sh.600030,18.4067928,18.95527804,18.38820008,18.81583264,87162947.0,1757998858.59
2023-07-04,sh.600030,18.76005448,18.97387076,18.74146176,18.85301808,46244364.0,938334579.19
2023-07-05,sh.600030,18.83442536,18.90879624,18.7321654,18.7321654,34373312.0,695068835.29
2023-07-06,sh.600030,18.59272,18.80653628,18.56483092,18.6392018,42141342.0,845509328.1
2023-07-07,sh.600030,18.56483092,18.81583264,18.51834912,18.71357268,41507406.0,834597708.5
2023-07-10,sh.600030,18.74146176,18.86231444,18.61131272,18.70427632,33942821.0,684436063.37
2023-07-11,sh.600030,18.7786472,18.8716108,18.7321654,18.81583264,35391125.0,716118203.01
2023-07-12,sh.600030,18.84372172,18.88090716,18.64849816,18.66709088,31557168.0,637090766.89
2023-07-13,sh.600030,18.76935084,19.09472344,18.76005448,19.02964892,80379278.0,1643443225.76
2023-07-14,sh.600030,19.08542708,19.13190888,18.95527804,19.057538,44511052.0,911724352.92
2023-07-17,sh.600030,19.00175984,19.00175984,18.7786472,18.85301808,34943894.0,708736502.13
2023-07-18,sh.600030,18.94598168,18.95527804,18.7786472,18.86231444,27426249.0,556363979.67
2023-07-19,sh.600030,18.72286904,18.99246348,18.72286904,18.97387076,38718239.0,787116076.48
2023-07-20,sh.600030,19.057538,19.1040198,18.86231444,18.8716108,44111794.0,902068661.02
2023-07-21,sh.600030,18.8716108,19.12261252,18.84372172,18.92738896,44541499.0,909156710.32
2023-07-24,sh.600030,18.74146176,19.1505016,18.7321654,18.95527804,39666069.0,809092393.78
2023-07-25,sh.600030,19.8012468,20.219583,19.51305964,20.06154488,259002492.0,5533914220.52
2023-07-26,sh.600030,20.0336558,20.2660648,19.93139584,20.24747208,128430179.0,2778443919.09
2023-07-27,sh.600030,20.23817572,20.42410292,19.95928492,20.00576672,91624331.0,1988769913.63
2023-07-28,sh.600030,19.95928492,22.00448412,19.94998856,22.00448412,441337721.0,10176122550.98
2023-07-31,sh.600030,22.5901548,23.12004732,22.2183004,22.4042276,446501705.0,10869042988.49
2023-08-01,sh.600030,22.2183004,22.56226572,21.73488968,22.00448412,273839909.0,6526470475.64
2023-08-02,sh.600030,22.01378048,22.85974924,21.9858914,22.1718186,223960826.0,5398448770.5
2023-08-03,sh.600030,22.73889656,23.09215824,22.11604044,22.71100748,263385730.0,6391229793.67
2023-08-04,sh.600030,23.2409,24.2634996,22.76678564,22.9620092,467781268.0,11765352796.16
2023-08-07,sh.600030,22.57156208,23.12934368,22.22759676,23.02708372,191968937.0,4694751561.38
2023-08-08,sh.600030,22.70171112,23.6127544,22.19970768,23.1479364,248817953.0,6180883718.73
2023-08-09,sh.600030,22.90623104,23.4268272,22.80397108,23.15723276,163923647.0,4073148150.12
2023-08-10,sh.600030,23.1479364,23.4268272,23.008491,23.4268272,187211147.0,4681327784.39
2023-08-11,sh.600030,23.22230728,23.22230728,22.29267128,22.4042276,280168751.0,6841019603.8
2023-08-14,sh.600030,21.846446,22.52508028,21.846446,22.078855,193848614.0,4625763874.84
2023-08-15,sh.600030,22.06026228,22.44141304,21.96729868,22.41352396,149124726.0,3567792836.26
2023-08-16,sh.600030,22.08815136,22.90623104,21.79066784,22.32056036,145308338.0,3500021811.02
2023-08-17,sh.600030,22.1253368,22.52508028,21.846446,22.2647822,133095469.0,3171207800.01
2023-08-18,sh.600030,22.55296936,23.08286188,22.28337492,22.28337492,160076731.0,3906812257.65
2023-08-21,sh.600030,22.00448412,22.08815136,21.27936804,21.32584984,211663789.0,4904903313.94
2023-08-22,sh.600030,21.59544428,21.81855692,21.2886644,21.58614792,127726698.0,2960309535.26
2023-08-23,sh.600030,21.48388796,21.60474064,21.18640444,21.1957008,75234309.0,1729103031.07
2023-08-24,sh.600030,21.39092436,22.23689312,21.3351462,21.90222416,155638416.0,3652547198.2
2023-08-25,sh.600030,21.82626919,22.44336684,21.67436823,22.24399683,134360545.0,3140901213.37
2023-08-28,sh.600030,24.46554837,24.46554837,22.46235446,22.58577399,505635393.0,12580601069.79
2023-08-29,sh.600030,22.18703397,22.54779875,21.7408249,22.19652778,251146131.0,5863110757.1
2023-08-30,sh.600030,22.19652778,22.19652778,21.38955393,21.41803536,231633510.0,5279777693.87
2023-08-31,sh.600030,21.41803536,21.56993632,21.05727058,21.0762582,121641395.0,2724111211.85
2023-09-01,sh.600030,21.19018392,21.50347965,21.08575201,21.24714678,99838612.0,2237552329.61
2023-09-04,sh.600030,21.37056631,21.60791156,21.1711963,21.42752917,99220964.0,2237230617.1
2023-09-05,sh.600030,21.33259107,21.33259107,21.11423344,21.24714678,64690750.0,1444051083.4
2023-09-06,sh.600030,21.11423344,21.19018392,20.84840676,21.00980153,97795653.0,2165464958.04
2023-09-07,sh.600030,21.00980153,21.28512202,20.89587581,21.00030772,85782404.0,1902128417.06
2023-09-08,sh.600030,20.91486343,21.19018392,20.67751818,21.12372725,73570094.0,1624646994.82
2023-09-11,sh.600030,21.1711963,21.62689918,20.99081391,21.4560106,112708154.0,2535351116.44
2023-09-12,sh.600030,21.37056631,21.47499822,21.22815916,21.25664059,65593393.0,1472288763.16
2023-09-13,sh.600030,21.30410964,21.32309726,21.05727058,21.15220868,55895303.0,1245310858.02
2023-09-14,sh.600030,21.14271487,21.24714678,21.03828296,21.16170249,55979679.0,1245730183.7
2023-09-15,sh.600030,21.20917154,21.24714678,20.83891295,20.93385105,74910246.0,1655739491.53
2023-09-18,sh.600030,20.83891295,21.02878915,20.71549342,21.01929534,59728433.0,1316765339.03
2023-09-19,sh.600030,21.01929534,21.02878915,20.84840676,20.90536962,47937179.0,1056327475.73
2023-09-20,sh.600030,20.87688819,20.93385105,20.63004913,20.7914439,39326742.0,863974539.0
2023-09-21,sh.600030,20.71549342,20.91486343,20.62055532,20.63004913,49302907.0,1075917809.07
2023-09-22,sh.600030,20.59207389,21.50347965,20.57308627,21.46550441,127837680.0,2845536839.59
2023-09-25,sh.600030,21.34208488,21.34208488,20.74397485,20.7914439,103685407.0,2283798077.3
2023-09-26,sh.600030,20.76296247,21.01929534,20.72498723,20.86739438,57162593.0,1256759751.99
2023-09-27,sh.600030,20.80093771,21.05727058,20.80093771,20.91486343,58367837.0,1287934747.36
2023-09-28,sh.600030,20.95283867,21.03828296,20.55409865,20.56359246,85442572.0,1857947584.31
2023-10-09,sh.600030,20.33574102,20.63954294,20.02244529,20.58258008,70771449.0,1518711508.93
2023-10-10,sh.600030,20.70599961,20.75346866,20.32624721,20.34523483,40555403.0,875088890.82
2023-10-11,sh.600030,20.48764198,20.57308627,20.36422245,20.42118531,39384579.0,848855683.89
2023-10-12,sh.600030,20.77245628,20.86739438,20.55409865,20.65853056,57707114.0,1259034622.52
2023-10-13,sh.600030,20.48764198,20.54460484,20.37371626,20.43067912,37522825.0,808262917.15
2023-10-16,sh.600030,20.38321007,20.61106151,20.24080292,20.42118531,42436710.0,913187507.8
2023-10-17,sh.600030,20.49713579,21.06676439,20.42118531,20.83891295,85770886.0,1878763550.94
2023-10-18,sh.600030,20.70599961,20.92435724,20.65853056,20.75346866,46929087.0,1026300484.75
2023-10-19,sh.600030,20.6015677,20.81992533,20.43067912,20.46865436,79091678.0,1716268486.37
2023-10-20,sh.600030,20.34523483,20.64903675,20.3167534,20.44017293,65423351.0,1408421600.94
2023-10-23,sh.600030,20.27877816,20.38321007,19.98447005,20.10788958,54602624.0,1157653821.03
2023-10-24,sh.600030,20.2218153,20.67751818,20.17434625,20.52561722,76561297.0,1645720766.54
2023-10-25,sh.600030,20.81043152,20.9813201,20.63004913,20.73448104,78453063.0,1716120460.17
2023-10-26,sh.600030,20.61106151,20.7914439,20.42118531,20.6965058,53043193.0,1151839754.46
2023-10-27,sh.600030,20.56359246,21.05727058,20.3167534,20.91486343,92986343.0,2036093789.12
2023-10-30,sh.600030,20.75346866,20.77245628,20.25029673,20.5066296,102883741.0,2219521625.1
2023-10-31,sh.600030,20.48764198,20.75346866,20.4116915,20.61106151,67283393.0,1459095668.27
2023-11-01,sh.600030,20.81992533,20.92435724,20.4116915,20.63004913,58170119.0,1262852979.45
2023-11-02,sh.600030,20.63004913,20.76296247,20.39270388,20.44017293,48260339.0,1044968155.57
2023-11-03,sh.600030,20.44017293,20.7914439,20.33574102,20.75346866,89510265.0,1944098922.72
2023-11-06,sh.600030,21.40854155,21.87373824,21.13322106,21.67436823,193512623.0,4386204004.29
2023-11-07,sh.600030,21.46550441,21.75981252,21.43702298,21.63639299,96608033.0,2201868369.81
2023-11-08,sh.600030,21.62689918,21.66487442,21.27562821,21.43702298,91889393.0,2074489489.1
2023-11-09,sh.600030,21.33259107,21.46550441,21.1711963,21.32309726,61013594.0,1370665767.47
2023-11-10,sh.600030,21.21866535,21.40854155,21.1711963,21.32309726,56773178.0,1273422338.22
2023-11-13,sh.600030,21.32309726,21.34208488,21.08575201,21.16170249,53295812.0,1187792908.6
2023-11-14,sh.600030,21.18069011,21.78829395,21.1711963,21.47499822,110552708.0,2503959004.14
2023-11-15,sh.600030,21.73133109,21.75981252,21.38006012,21.4560106,72854276.0,1653764167.56
2023-11-16,sh.600030,21.4560106,21.5509487,21.28512202,21.29461583,46210073.0,1041928835.71
2023-11-17,sh.600030,21.19967773,21.38006012,21.11423344,21.38006012,48463924.0,1084784401.48
2023-11-20,sh.600030,21.37056631,21.38006012,20.95283867,21.21866535,58828187.0,1309022862.02
2023-11-21,sh.600030,21.33259107,21.68386204,21.22815916,21.30410964,74422236.0,1681355681.69
2023-11-22,sh.600030,21.18069011,21.34208488,21.0762582,21.08575201,36460255.0,814714389.98
2023-11-23,sh.600030,21.08575201,21.16170249,20.81043152,21.11423344,49874640.0,1103374760.04
2023-11-24,sh.600030,21.06676439,21.11423344,20.91486343,20.93385105,46539972.0,1030017514.61
2023-11-27,sh.600030,20.886382,20.89587581,20.42118531,20.59207389,82089881.0,1776390368.44
2023-11-28,sh.600030,20.58258008,20.67751818,20.43067912,20.51612341,46339788.0,1002729415.9
2023-11-29,sh.600030,20.56359246,20.56359246,20.2218153,20.3167534,49881325.0,1068905925.92
2023-11-30,sh.600030,20.3167534,20.4116915,20.20282768,20.36422245,47745435.0,1021759159.1
2023-12-01,sh.600030,20.32624721,20.52561722,20.23130911,20.46865436,49445465.0,1061627028.71
2023-12-04,sh.600030,20.42118531,20.52561722,20.3167534,20.32624721,37454414.0,805841196.76
2023-12-05,sh.600030,20.25979054,20.39270388,20.0319391,20.06042053,47729212.0,1015731746.96
2023-12-06,sh.600030,20.02244529,20.10788958,19.88953195,19.88953195,46364681.0,976104842.55
2023-12-07,sh.600030,19.8420629,20.06042053,19.76611242,19.96548243,43100353.0,904550113.01
2023-12-08,sh.600030,19.95598862,20.08890196,19.88953195,19.88953195,46835044.0,985080412.41
2023-12-11,sh.600030,19.7471248,20.17434625,19.54775479,20.13637101,71746851.0,1499788016.85
2023-12-12,sh.600030,20.00345767,20.1268772,19.96548243,20.06042053,41815143.0,882611587.23
2023-12-13,sh.600030,20.05092672,20.05092672,19.6521867,19.66168051,66797748.0,1391965531.61
2023-12-14,sh.600030,19.7471248,19.81358147,19.44332288,19.4623105,54777009.0,1131395762.55
2023-12-15,sh.600030,19.52876717,19.75661861,19.40534764,19.42433526,58935207.0,1212153704.82
2023-12-18,sh.600030,19.3673724,19.54775479,19.29142192,19.40534764,42235914.0,863807556.72
2023-12-19,sh.600030,19.39585383,19.59522384,19.32939716,19.59522384,48547223.0,996618096.42
2023-12-20,sh.600030,19.56674241,19.57623622,19.12053334,19.13952096,61428051.0,1248872128.44
2023-12-21,sh.600030,19.09205191,19.31990335,19.01610143,19.24395287,53244409.0,1076501135.82
2023-12-22,sh.600030,19.1774962,19.35787859,19.00660762,19.25344668,53062026.0,1073349240.26
2023-12-25,sh.600030,19.15850858,19.2724343,18.97812619,18.99711381,49795694.0,1000339778.1
2023-12-26,sh.600030,18.98762,19.03508905,18.73128713,18.84521285,40262336.0,799476196.93
2023-12-27,sh.600030,18.82622523,19.06357048,18.62685522,18.8926819,63184178.0,1253913601.74
2023-12-28,sh.600030,18.82622523,19.41484145,18.80723761,19.33889097,87207998.0,1761385733.52
2023-12-29,sh.600030,19.30091573,19.50028574,19.25344668,19.33889097,64438237.0,1314516774.85
2024-01-02,sh.600030,19.34838478,19.3673724,19.04458286,19.05407667,58776514.0,1183083967.51
2024-01-03,sh.600030,18.98762,19.22496525,18.96863238,19.15850858,54751355.0,1101533869.86
2024-01-04,sh.600030,19.10154572,19.13952096,18.83571904,18.98762,50391805.0,1006917539.66
2024-01-05,sh.600030,18.94015095,19.15850858,18.66483046,18.78824999,69614777.0,1387740195.39
2024-01-08,sh.600030,18.72179332,18.85470666,18.4179914,18.43697902,62567092.0,1222235532.45
2024-01-09,sh.600030,18.43697902,18.56989236,18.35153473,18.47495426,45845833.0,892306219.85
2024-01-10,sh.600030,18.46546045,18.63634903,18.28507806,18.47495426,52596063.0,1024533120.32
2024-01-11,sh.600030,18.49394188,18.66483046,18.36102854,18.6078676,44793313.0,874928731.91
2024-01-12,sh.600030,18.5129295,18.73128713,18.46546045,18.53191712,39747110.0,778895688.34
2024-01-15,sh.600030,18.38001616,18.69331189,18.35153473,18.49394188,33855797.0,659832779.98
2024-01-16,sh.600030,18.46546045,18.62685522,18.24710282,18.58887998,58008393.0,1127694934.96
2024-01-17,sh.600030,18.5129295,18.54141093,18.24710282,18.24710282,56149064.0,1088333237.73
2024-01-18,sh.600030,18.10469567,18.55090474,17.82937518,18.50343569,112136644.0,2140221937.58
2024-01-19,sh.600030,18.3230533,18.58887998,18.27558425,18.48444807,69114136.0,1343840467.03
2024-01-22,sh.600030,18.4179914,18.57938617,17.96228852,18.16165853,98447057.0,1907709426.44
2024-01-23,sh.600030,18.08570805,18.94015095,17.98127614,18.77875618,115286960.0,2254756632.95
2024-01-24,sh.600030,18.87369428,19.57623622,18.61736141,19.48129812,145399272.0,2920645095.47
2024-01-25,sh.600030,19.31040954,19.6521867,19.11103953,19.51927336,154279390.0,3154344625.77
2024-01-26,sh.600030,19.3673724,20.01295148,19.28192811,19.77560623,148255677.0,3064826716.46
2024-01-29,sh.600030,19.67117432,19.83256909,19.49079193,19.53826098,89354435.0,1849438738.3
2024-01-30,sh.600030,19.41484145,19.7471248,19.25344668,19.40534764,90056671.0,1848202279.55
2024-01-31,sh.600030,19.31990335,19.67117432,19.22496525,19.4623105,79319770.0,1627214288.61
2024-02-01,sh.600030,19.2724343,19.72813718,19.25344668,19.40534764,76505057.0,1572022998.11
2024-02-02,sh.600030,19.40534764,19.48129812,18.67432427,19.15850858,102218152.0,2061606711.4
2024-02-05,sh.600030,19.06357048,19.48129812,18.75976856,19.15850858,99699061.0,2008152346.42
2024-02-06,sh.600030,19.13952096,20.14586482,18.98762,20.06991434,121024553.0,2509414266.2
2024-02-07,sh.600030,19.95598862,20.20282768,19.8420629,20.10788958,112172568.0,2367112733.19
2024-02-08,sh.600030,20.2218153,20.44017293,20.01295148,20.17434625,100939581.0,2149633922.65
2024-02-19,sh.600030,20.05092672,20.05092672,19.50977955,19.79459385,95223930.0,1979888090.29
2024-02-20,sh.600030,19.68066813,20.09839577,19.63319908,19.92750719,88862866.0,1858586985.23
2024-02-21,sh.600030,19.8420629,20.61106151,19.75661861,20.29776578,128712979.0,2749494325.66
2024-02-22,sh.600030,20.19333387,20.6965058,20.15535863,20.63004913,109404058.0,2365138038.75
2024-02-23,sh.600030,20.63954294,20.67751818,20.37371626,20.43067912,77753585.0,1679100350.38
2024-02-26,sh.600030,20.44966674,20.53511103,20.23130911,20.25979054,64641353.0,1386960297.67
2024-02-27,sh.600030,20.24080292,20.38321007,20.15535863,20.37371626,81028401.0,1728538412.32
2024-02-28,sh.600030,20.43067912,20.63954294,19.937001,19.937001,117292456.0,2512179782.58
2024-02-29,sh.600030,19.937001,20.26928435,19.88953195,20.2218153,96392297.0,2037055653.46
2024-03-01,sh.600030,20.2218153,20.35472864,20.0319391,20.24080292,72393608.0,1537955150.46
2024-03-04,sh.600030,20.25029673,20.27877816,19.99396386,20.08890196,59070856.0,1250669911.05
2024-03-05,sh.600030,19.96548243,20.16485244,19.95598862,20.10788958,79044486.0,1672330721.82
2024-03-06,sh.600030,20.09839577,20.3167534,19.96548243,20.0319391,65445062.0,1385700082.01
2024-03-07,sh.600030,20.00345767,20.1268772,19.66168051,19.75661861,89248571.0,1868871437.66
2024-03-08,sh.600030,19.7471248,19.8420629,19.66168051,19.7471248,46543289.0,967921209.08
2024-03-11,sh.600030,19.83256909,20.1268772,19.81358147,20.11738339,75836858.0,1598127872.83
2024-03-12,sh.600030,20.2218153,20.36422245,20.08890196,20.3167534,82088824.0,1749861586.49
2024-03-13,sh.600030,20.3167534,20.34523483,19.98447005,20.00345767,63546808.0,1345066747.5
2024-03-14,sh.600030,19.94649481,20.08890196,19.66168051,19.7471248,67506033.0,1410848005.18
2024-03-15,sh.600030,19.66168051,19.83256909,19.54775479,19.81358147,60880390.0,1262584773.73
2024-03-18,sh.600030,19.83256909,20.34523483,19.81358147,20.18384006,102678963.0,2177023126.43
2024-03-19,sh.600030,20.14586482,20.14586482,19.75661861,19.77560623,72465689.0,1522354515.85
2024-03-20,sh.600030,19.71864337,19.90851957,19.69016194,19.78510004,47950221.0,999311218.88
2024-03-21,sh.600030,19.81358147,20.09839577,19.7471248,19.77560623,68056123.0,1423455161.67
2024-03-22,sh.600030,19.77560623,19.81358147,19.40534764,19.4623105,76624905.0,1576797500.35
2024-03-25,sh.600030,18.7977438,18.91166952,18.5129295,18.5129295,179974202.0,3533742866.89
2024-03-26,sh.600030,18.42748521,18.62685522,18.42748521,18.6078676,76399835.0,1490546284.97
2024-03-27,sh.600030,18.53191712,18.55090474,18.34204092,18.37052235,68782249.0,1335178798.1
2024-03-28,sh.600030,18.3230533,18.54141093,18.25659663,18.33254711,103701495.0,2007001601.16
2024-03-29,sh.600030,18.30406568,18.30406568,18.1331771,18.2281152,86723088.0,1661488228.28
2024-04-01,sh.600030,18.3230533,18.45596664,18.3230533,18.42748521,90708676.0,1757060950.99
2024-04-02,sh.600030,18.43697902,18.48444807,18.30406568,18.33254711,68856339.0,1331754403.03
2024-04-03,sh.600030,18.30406568,18.31355949,18.16165853,18.19013996,53094835.0,1018810155.74
2024-04-08,sh.600030,18.038239,18.10469567,17.82937518,17.96228852,72459954.0,1371551740.94
2024-04-09,sh.600030,17.9433009,18.08570805,17.92431328,17.97178233,44879326.0,850475059.03
2024-04-10,sh.600030,17.93380709,17.95279471,17.42114135,17.47810421,97599833.0,1813346733.45
2024-04-11,sh.600030,17.41164754,17.58253612,17.36417849,17.41164754,61275915.0,1126874595.06
2024-04-12,sh.600030,17.42114135,17.48759802,16.9939199,17.03189514,105756734.0,1909255553.05
2024-04-15,sh.600030,16.6141675,17.01290752,16.38631606,16.84201894,179911656.0,3165646152.63
2024-04-16,sh.600030,16.62366131,17.088858,16.59517988,16.73758703,124925193.0,2217573728.0
2024-04-17,sh.600030,16.69011798,17.19328991,16.56669845,17.1837961,120547541.0,2145695272.02
2024-04-18,sh.600030,17.09835181,17.59202993,17.06987038,17.28822801,134937611.0,2464131257.72
2024-04-19,sh.600030,17.1837961,17.3736723,17.14582086,17.21227753,78230986.0,1420736103.71
2024-04-22,sh.600030,17.21227753,17.61101755,17.21227753,17.35468468,77961623.0,1429239753.14
2024-04-23,sh.600030,17.39265992,17.49709183,17.2787342,17.34519087,66568808.0,1217707086.59
2024-04-24,sh.600030,17.32620325,17.40215373,17.13632705,17.34519087,54856952.0,998853308.54
2024-04-25,sh.600030,17.32620325,17.39265992,17.19328991,17.25974658,51667856.0,940710872.34
2024-04-26,sh.600030,17.61101755,18.29457187,17.44012897,18.19013996,225574137.0,4248412846.64
2024-04-29,sh.600030,18.19963377,18.53191712,18.08570805,18.39900378,188665203.0,3638439646.07
2024-04-30,sh.600030,18.27558425,18.38001616,17.99076995,18.04773281,102240996.0,1955881346.95
2024-05-06,sh.600030,18.27558425,18.46546045,18.15216472,18.23760901,107831815.0,2079020101.61
2024-05-07,sh.600030,18.2281152,18.27558425,18.10469567,18.15216472,65979247.0,1262187134.57
2024-05-08,sh.600030,18.06672043,18.1331771,17.80089375,17.82937518,78310260.0,1478924662.85
2024-05-09,sh.600030,17.87684423,18.05722662,17.86735042,17.95279471,74266702.0,1404596261.63
2024-05-10,sh.600030,17.98127614,18.17115234,17.89583185,18.09520186,90579371.0,1720456370.69
2024-05-13,sh.600030,18.06672043,18.16165853,17.81038756,18.01925138,81422538.0,1542516576.84
2024-05-14,sh.600030,18.04773281,18.06672043,17.87684423,18.04773281,66901854.0,1266821447.42
2024-05-15,sh.600030,18.09520186,18.12368329,17.79139994,17.80089375,77412096.0,1459083365.71
2024-05-16,sh.600030,17.8483628,18.01925138,17.79139994,17.82937518,60508935.0,1139557601.59
2024-05-17,sh.600030,17.82937518,18.24710282,17.78190613,18.21862139,101014101.0,1918998124.05
2024-05-20,sh.600030,18.21862139,18.52242331,18.18064615,18.31355949,132560646.0,2568987458.15
2024-05-21,sh.600030,18.25659663,18.38001616,18.18064615,18.26609044,56540133.0,1088790431.25
2024-05-22,sh.600030,18.2281152,18.38001616,18.18064615,18.33254711,64484219.0,1243525647.89
2024-05-23,sh.600030,18.23760901,18.29457187,17.88633804,17.91481947,86317822.0,1640457684.93
2024-05-24,sh.600030,17.8483628,17.96228852,17.58253612,17.64899279,72645880.0,1360105853.56
2024-05-27,sh.600030,17.6584866,17.81038756,17.60152374,17.78190613,58370293.0,1087384825.75
2024-05-28,sh.600030,17.73443708,17.95279471,17.6584866,17.67747422,47092170.0,881360400.0
2024-05-29,sh.600030,17.62051136,17.8483628,17.62051136,17.70595565,37977769.0,709786485.34
2024-05-30,sh.600030,17.64899279,17.73443708,17.51607945,17.62051136,47548869.0,882503725.93
2024-05-31,sh.600030,17.69646184,17.88633804,17.63949898,17.67747422,51955219.0,971574136.78
2024-06-03,sh.600030,17.61101755,17.62051136,17.42114135,17.49709183,58595707.0,1079851029.86
2024-06-04,sh.600030,17.49709183,17.66798041,17.49709183,17.62051136,48649749.0,901981204.05
2024-06-05,sh.600030,17.58253612,17.72494327,17.58253612,17.60152374,45134222.0,838900165.25
2024-06-06,sh.600030,17.63949898,17.73443708,17.49709183,17.55405469,59233268.0,1098537258.89
2024-06-07,sh.600030,17.61101755,17.6584866,17.2787342,17.44962278,57164346.0,1052028678.61
2024-06-11,sh.600030,17.35468468,17.54456088,17.35468468,17.41164754,45270974.0,832296169.96
2024-06-12,sh.600030,17.38316611,17.44962278,17.34519087,17.35468468,41591118.0,761921766.59
2024-06-13,sh.600030,17.3736723,17.43063516,17.2787342,17.33569706,46159590.0,842708375.62
2024-06-14,sh.600030,17.31670944,17.81988137,17.2787342,17.68696803,121165400.0,2242525168.72
2024-06-17,sh.600030,17.57304231,17.72494327,17.52557326,17.71544946,59644131.0,1108331616.72
2024-06-18,sh.600030,17.70595565,17.93380709,17.6584866,17.76291851,57472966.0,1077622166.41
2024-06-19,sh.600030,17.79139994,17.79139994,17.58253612,17.59202993,46344891.0,861542370.57
2024-06-20,sh.600030,17.59202993,17.6584866,17.43063516,17.44962278,42317417.0,780553078.87
2024-06-21,sh.600030,17.4686104,17.64899279,17.32620325,17.50658564,60417022.0,1111691879.19
2024-06-24,sh.600030,17.47810421,17.63000517,17.4686104,17.48759802,51976654.0,960506541.7
2024-06-25,sh.600030,17.49709183,17.52557326,17.088858,17.20278372,74915915.0,1362945573.99
2024-06-26,sh.600030,17.17430229,17.51607945,17.10784562,17.4686104,51017306.0,933106618.51
2024-06-27,sh.600030,17.43063516,17.52557326,17.32620325,17.4686104,54151268.0,996013881.51
2024-06-28,sh.600030,17.43063516,17.6584866,17.21227753,17.30721563,70738608.0,1300681100.98
2024-07-01,sh.600030,17.26924039,17.35468468,17.088858,17.2787342,46620988.0,845784491.92
2024-07-02,sh.600030,17.23126515,17.45911659,17.21227753,17.26924039,40020689.0,730763529.57
2024-07-03,sh.600030,17.26924039,17.49709183,17.15531467,17.44962278,43434363.0,794590715.85
2024-07-04,sh.600030,17.42114135,17.51607945,17.11733943,17.12683324,52014443.0,946439321.3
2024-07-05,sh.600030,17.1837961,17.1837961,16.8040437,16.90847561,78678398.0,1401453947.21
2024-07-08,sh.600030,16.8040437,16.87999418,16.56669845,16.6141675,60217254.0,1058986203.34
2024-07-09,sh.600030,16.58568607,17.00341371,16.47176035,16.95594466,64141161.0,1131167616.69
2024-07-10,sh.600030,16.90847561,17.51607945,16.86100656,17.25025277,91748765.0,1669558469.81
2024-07-11,sh.600030,17.33569706,17.51607945,17.25974658,17.39265992,55823833.0,1023550000.77
2024-07-12,sh.600030,17.40215373,17.47810421,17.30721563,17.43063516,36218180.0,664064594.98
2024-07-15,sh.600030,17.43063516,17.61101755,17.39265992,17.52557326,53440139.0,986784181.03
2024-07-16,sh.600030,17.55405469,17.89583185,17.4686104,17.78190613,84941179.0,1588630417.43
2024-07-17,sh.600030,17.7534247,17.95279471,17.71544946,17.89583185,83777183.0,1578637964.14
2024-07-18,sh.600030,17.90532566,18.038239,17.69646184,18.00975757,88410384.0,1668453861.14
2024-07-19,sh.600030,18.00026376,18.45596664,17.96228852,18.40849759,159109624.0,3066945338.9
2024-07-22,sh.600030,18.97812619,19.21547144,18.57938617,19.16800239,370449492.0,7364394032.78
2024-07-23,sh.600030,18.84521285,18.86420047,18.20912758,18.2281152,257122946.0,5022003949.79
2024-07-24,sh.600030,18.10469567,18.3230533,17.81038756,17.92431328,168789715.0,3198694066.9
2024-07-25,sh.600030,17.88633804,18.36102854,17.83886899,18.05722662,130620674.0,2490783476.91
2024-07-26,sh.600030,17.96228852,18.55090474,17.91481947,18.28507806,113424535.0,2186433087.42
2024-07-29,sh.600030,18.08570805,18.21862139,17.90532566,17.92431328,95943051.0,1821926952.71
2024-07-30,sh.600030,17.86735042,18.00975757,17.79139994,17.96228852,70006292.0,1320638610.25
2024-07-31,sh.600030,17.96228852,19.10154572,17.92431328,18.7977438,225317640.0,4428709175.15
2024-08-01,sh.600030,18.56039855,18.81673142,18.52242331,18.58887998,126438939.0,2483167597.61
2024-08-02,sh.600030,18.49394188,18.65533665,18.18064615,18.23760901,97703187.0,1890702077.38
2024-08-05,sh.600030,18.15216472,18.43697902,18.12368329,18.15216472,96617014.0,1859377629.54
2024-08-06,sh.600030,18.34204092,18.38950997,17.97178233,18.14267091,75060005.0,1433376712.98
2024-08-07,sh.600030,18.15216472,18.24710282,17.97178233,18.00975757,57245073.0,1088904006.48
2024-08-08,sh.600030,17.97178233,18.24710282,17.89583185,18.10469567,64732498.0,1233211161.89
2024-08-09,sh.600030,18.17115234,18.2281152,17.92431328,17.93380709,53998402.0,1027402386.96
2024-08-12,sh.600030,17.86735042,17.96228852,17.77241232,17.91481947,45072581.0,848463354.67
2024-08-13,sh.600030,17.89583185,18.11418948,17.8483628,18.09520186,47472446.0,898005758.72
2024-08-14,sh.600030,18.02874519,18.10469567,17.87684423,17.89583185,46502325.0,879791557.35
2024-08-15,sh.600030,17.88633804,18.3230533,17.85785661,18.18064615,83514500.0,1597152698.36
2024-08-16,sh.600030,18.1331771,18.23760901,18.038239,18.1331771,45332130.0,865184296.42
2024-08-19,sh.600030,18.10469567,18.24710282,18.04773281,18.07621424,43305842.0,826900172.23
2024-08-20,sh.600030,18.09520186,18.11418948,17.91481947,17.97178233,41658617.0,788835153.82
2024-08-21,sh.600030,17.9433009,18.01925138,17.83886899,17.96228852,37924159.0,716968057.85
2024-08-22,sh.600030,18.038239,18.12368329,17.69646184,17.78190613,50241548.0,944929814.27
2024-08-23,sh.600030,17.76291851,18.2281152,17.74393089,18.1331771,68655877.0,1305618025.42
2024-08-26,sh.600030,18.13317516,18.22077504,17.88010884,17.96770872,58841279.0,1089938097.41
2024-08-27,sh.600030,17.9093088,18.01637532,17.77304232,17.96770872,40210254.0,739365131.75
2024-08-28,sh.600030,17.91904212,18.03584196,17.84117556,17.93850876,33370073.0,614642146.83
2024-08-29,sh.600030,18.006642,18.4446414,17.96770872,18.28890828,86632408.0,1629341686.11
2024-08-30,sh.600030,18.249975,18.96050736,18.22077504,18.77557428,142158143.0,2735400699.62
2024-09-02,sh.600030,18.67824108,18.6879744,18.40570812,18.41544144,65395420.0,1243771467.8
2024-09-03,sh.600030,18.40570812,18.736641,18.40570812,18.61010784,50871883.0,971650931.35
2024-09-04,sh.600030,18.5419746,18.77557428,18.5419746,18.61010784,46710930.0,894498619.5
2024-09-05,sh.600030,18.5419746,18.66850776,18.46410804,18.60037452,52389478.0,999567984.19
2024-09-06,sh.600030,18.92157408,19.05784056,18.53224128,18.55170792,117612817.0,2270723932.89
2024-09-09,sh.600030,18.28890828,18.6879744,18.249975,18.47384136,72901485.0,1386724718.14
2024-09-10,sh.600030,18.53224128,18.55170792,18.249975,18.37650816,53073412.0,1001496950.01
2024-09-11,sh.600030,18.3473082,18.57117456,18.31810824,18.493308,46040786.0,874378089.95
2024-09-12,sh.600030,18.51277464,18.53224128,18.33757488,18.37650816,34125596.0,645613092.2
2024-09-13,sh.600030,18.40570812,18.57117456,18.33757488,18.41544144,46149992.0,876310759.54
2024-09-18,sh.600030,18.2986416,18.50304132,18.26944164,18.43490808,37932607.0,716767635.72
2024-09-19,sh.600030,18.56144124,18.979974,18.4446414,18.82424088,98938852.0,1906649056.33
2024-09-20,sh.600030,18.7853076,18.84370752,18.61984116,18.77557428,62919701.0,1211200793.05
2024-09-23,sh.600030,18.80477424,18.95077404,18.65877444,18.79504092,53651089.0,1037305240.75
2024-09-24,sh.600030,19.18437372,20.27450556,18.8826408,20.26477224,286916339.0,5812378579.73
2024-09-25,sh.600030,20.72223828,21.19917096,20.4886386,20.59570512,300731823.0,6440028901.29
2024-09-26,sh.600030,20.44970532,21.89023668,20.44970532,21.88050336,309320312.0,6741430787.85
2024-09-27,sh.600030,22.7759688,24.07050036,22.0946364,24.07050036,279934718.0,6591736856.19
2024-09-30,sh.600030,26.4746304,26.4746304,25.73489808,26.4746304,394917453.0,10719669520.06
2024-10-08,sh.600030,29.12209344,29.12209344,29.12209344,29.12209344,147521340.0,4413838492.8
2024-10-09,sh.600030,30.173292,32.01288948,28.00276164,29.5406262,1351455140.0,42197359701.14
2024-10-10,sh.600030,28.3239612,28.94689368,26.74716336,27.009963,774670412.0,22003292806.37
2024-10-11,sh.600030,26.4746304,28.07089488,25.96849776,27.41876244,485999047.0,13374058536.41
2024-10-14,sh.600030,27.22409604,27.23382936,25.37476524,26.72769672,450419082.0,12170846100.27
2024-10-15,sh.600030,26.279964,27.04889628,25.94903112,26.00743104,278100853.0,7580601662.82
2024-10-16,sh.600030,25.41369852,26.41623048,25.37476524,25.70569812,259489205.0,6871284447.12
2024-10-17,sh.600030,25.793298,26.27023068,25.44289848,25.46236512,206519367.0,5484875177.24
2024-10-18,sh.600030,25.42343184,28.01249496,25.4039652,27.16569612,571182902.0,15746269659.74
2024-10-21,sh.600030,26.70823008,27.1559628,26.4746304,26.72769672,363397689.0,10009390463.5
2024-10-22,sh.600030,26.74716336,27.16569612,26.59143024,26.93209644,223802073.0,6179374320.11
2024-10-23,sh.600030,26.94182976,27.43822908,26.73743004,26.83476324,279364960.0,7763427776.44
2024-10-24,sh.600030,26.6692968,26.97102972,26.38703052,26.55249696,162902254.0,4461535778.2
2024-10-25,sh.600030,26.55249696,27.14622948,26.4746304,26.76663,166572085.0,4581169510.97
2024-10-28,sh.600030,26.77636332,26.87369652,26.61089688,26.75689668,134573195.0,3691356706.13
2024-10-29,sh.600030,26.78609664,27.21436272,26.4746304,26.50383036,186891626.0,5145710569.34
2024-10-30,sh.600030,26.523297,27.03916296,26.44543044,26.72769672,194475316.0,5331028925.76
2024-10-31,sh.600030,26.6692968,28.0319616,26.4746304,27.37009584,409520352.0,11535642432.93
2024-11-01,sh.600030,27.37009584,27.85676184,27.09756288,27.2046294,272158167.0,7672169096.24
2024-11-04,sh.600030,27.26302932,28.29476124,27.26302932,28.28502792,274289684.0,7846310563.78
2024-11-05,sh.600030,28.45049436,30.16355868,27.92489508,29.65742604,427442377.0,12816061523.31
2024-11-06,sh.600030,30.18302532,32.119956,29.77422588,30.25115856,545096360.0,17240261829.18
2024-11-07,sh.600030,29.686626,33.27822108,29.686626,33.27822108,480450523.0,15537735137.05
2024-11-08,sh.600030,35.51688468,35.51688468,33.6286206,33.94982016,745430253.0,26491205204.5
2024-11-11,sh.600030,32.6552886,34.6506192,32.2172892,33.94982016,513305843.0,17642461681.83
2024-11-12,sh.600030,33.95955348,34.1639532,32.29515576,33.02515476,414565034.0,14166082323.57
2024-11-13,sh.600030,32.119956,32.59688868,31.60409004,32.04208944,364705539.0,12011916259.0
2024-11-14,sh.600030,32.05182276,32.73315516,31.72088988,31.79875644,255445067.0,8452182995.52
2024-11-15,sh.600030,31.79875644,32.119956,30.28035852,30.29982516,302257008.0,9658174453.83
2024-11-18,sh.600030,30.2219586,30.57235812,29.56982616,29.85209244,245026383.0,7563239699.66
2024-11-19,sh.600030,29.8812924,30.67942464,29.66715936,30.4652916,219410612.0,6795769179.36
2024-11-20,sh.600030,30.50422488,31.30235712,30.18302532,30.89355768,217290426.0,6873427378.4
2024-11-21,sh.600030,30.67942464,31.26342384,30.54315816,31.03955748,190430590.0,6042276753.84
2024-11-22,sh.600030,31.03955748,31.12715736,29.43355968,29.52115956,230577943.0,7164401757.26
2024-11-25,sh.600030,29.52115956,29.686626,28.36289448,28.86902712,231810113.0,6880269268.87
2024-11-26,sh.600030,28.88849376,29.443293,28.80089388,28.92742704,136519265.0,4077617098.89
2024-11-27,sh.600030,28.89822708,29.48222628,28.70356068,29.47249296,178303390.0,5342614121.99
2024-11-28,sh.600030,29.55035952,29.59902612,29.01502692,29.07342684,128196740.0,3858994298.15
2024-11-29,sh.600030,29.08316016,31.02982416,28.956627,29.929959,293290911.0,9039101215.15
2024-12-02,sh.600030,29.7839592,30.62102472,29.67689268,30.43609164,193238036.0,6024240987.89
2024-12-03,sh.600030,30.43609164,30.62102472,29.8812924,30.25115856,154230920.0,4787944452.85
2024-12-04,sh.600030,30.173292,30.3679584,29.80342584,29.9786256,117878574.0,3643248465.98
2024-12-05,sh.600030,29.8812924,30.416625,29.8326258,30.0759588,115893331.0,3584769689.12
2024-12-06,sh.600030,30.0759588,30.79622448,29.8326258,30.40689168,205417748.0,6420319586.2
2024-12-09,sh.600030,30.3192918,30.54315816,29.929959,30.29009184,125857170.0,3912475317.63
2024-12-10,sh.600030,32.119956,32.119956,30.55289148,30.64049136,306678393.0,9869463926.36
2024-12-11,sh.600030,30.59182476,30.87409104,30.32902512,30.50422488,131147987.0,4119760433.49
2024-12-12,sh.600030,30.44582496,31.12715736,30.21222528,30.81569112,169464117.0,5331870963.87
2024-12-13,sh.600030,30.50422488,30.5139582,29.56009284,29.60875944,201322645.0,6204088515.04
2024-12-16,sh.600030,29.4919596,29.5406262,29.1512934,29.22915996,126345331.0,3801767875.67
2024-12-17,sh.600030,29.20969332,29.8326258,29.11236012,29.42382636,119716603.0,3621328202.53
2024-12-18,sh.600030,29.5892928,29.686626,29.37515976,29.48222628,69869446.0,2116480629.39
2024-12-19,sh.600030,29.19996,29.57955948,29.08316016,29.52115956,92146787.0,2782391123.39
2024-12-20,sh.600030,29.52117864,29.98229376,29.46231288,29.76645264,97771248.0,2964895280.23
2024-12-23,sh.600030,29.5309896,29.95286088,29.31514848,29.35439232,104588907.0,3149338369.42
2024-12-24,sh.600030,29.35439232,29.80569648,29.3347704,29.74683072,108200942.0,3264728039.87
2024-12-25,sh.600030,29.76645264,29.81550744,29.3347704,29.52117864,94086226.0,2833858814.61
2024-12-26,sh.600030,29.52117864,29.75664168,29.3838252,29.5800444,81141198.0,2447344066.23
2024-12-27,sh.600030,29.58985536,30.17851296,29.35439232,29.64872112,179264402.0,5429064622.33
2024-12-30,sh.600030,29.5309896,29.96267184,29.43288,29.93323896,120669105.0,3662919134.13
2024-12-31,sh.600030,29.95286088,29.99210472,28.5989484,28.61857032,198081281.0,5903231591.37
2025-01-02,sh.600030,28.43216208,28.451784,26.65637832,26.9310852,282848733.0,7898902462.37
2025-01-03,sh.600030,26.82316464,27.04881672,26.33261664,26.46015912,183954608.0,4998126762.87
2025-01-06,sh.600030,26.2933728,26.59751256,26.01866592,26.54845776,123687710.0,3329164147.49
2025-01-07,sh.600030,26.5877016,26.80354272,26.30318376,26.64656736,97972405.0,2650426338.45
2025-01-08,sh.600030,26.60732352,26.76429888,25.999044,26.46997008,119233601.0,3199334777.55
2025-01-09,sh.600030,26.42091528,26.60732352,26.2933728,26.38167144,63000753.0,1699066075.66
2025-01-10,sh.600030,26.42091528,26.56807968,25.95980016,25.95980016,80024977.0,2145973115.22
2025-01-13,sh.600030,25.66547136,26.08734264,25.66547136,26.00885496,66066389.0,1745282889.06
2025-01-14,sh.600030,26.11677552,27.23522496,26.0480988,27.1763592,166624923.0,4556431362.08
2025-01-15,sh.600030,26.97032904,27.13711536,26.76429888,26.85259752,88863984.0,2439628710.87
2025-01-16,sh.600030,27.0291948,27.26465784,26.50921392,26.734866,88458384.0,2422135498.72
2025-01-17,sh.600030,26.59751256,27.06843864,26.59751256,26.79373176,67056250.0,1835393758.66
2025-01-20,sh.600030,27.0291948,27.3235236,26.80354272,26.8820304,90952804.0,2509191200.06
2025-01-21,sh.600030,27.0782496,27.11749344,26.734866,26.90165232,72906952.0,2001896776.31
2025-01-22,sh.600030,26.8329756,26.91146328,26.5877016,26.71524408,70067082.0,1906375661.74
2025-01-23,sh.600030,27.29409072,27.961236,26.91146328,26.9310852,162452767.0,4530428409.09
2025-01-24,sh.600030,26.91146328,27.21560304,26.82316464,27.01938384,96903722.0,2672866999.14
2025-01-27,sh.600030,27.10768248,27.1273044,26.41110432,26.42091528,88625976.0,2413270221.22
2025-02-05,sh.600030,26.75448792,26.75448792,26.33261664,26.4405372,78652890.0,2123929188.16
2025-02-06,sh.600030,26.3914824,26.94089616,26.33261664,26.85259752,104484162.0,2841760896.86
2025-02-07,sh.600030,26.8329756,28.12802232,26.71524408,27.60804144,215736565.0,6040036146.27
2025-02-10,sh.600030,27.62766336,27.7650168,27.43144416,27.6178524,108905279.0,3061349663.57
2025-02-11,sh.600030,27.57860856,27.59823048,27.30390168,27.44125512,89039231.0,2488585226.77
2025-02-12,sh.600030,27.44125512,27.8140716,27.18617016,27.73558392,115983826.0,3249412217.81
2025-02-13,sh.600030,27.73558392,28.02991272,27.470688,27.58841952,147661669.0,4172564748.19
2025-02-14,sh.600030,27.470688,27.83369352,27.43144416,27.70615104,98633225.0,2779540098.45
2025-02-17,sh.600030,27.961236,28.08877848,27.5687976,27.75520584,120864874.0,3429274426.98
2025-02-18,sh.600030,27.65709624,27.69634008,26.94089616,27.01938384,111498104.0,3107292512.83
2025-02-19,sh.600030,27.0291948,27.62766336,26.98014,27.46087704,100071844.0,2792111249.68
2025-02-20,sh.600030,27.40201128,27.52955376,27.19598112,27.36276744,71257049.0,1988990232.01
2025-02-21,sh.600030,27.36276744,28.06915656,27.18617016,27.92199216,184740434.0,5232423977.06
2025-02-24,sh.600030,27.92199216,28.13783328,27.57860856,27.8140716,119793301.0,3405197278.3
2025-02-25,sh.600030,27.5687976,27.68652912,27.19598112,27.30390168,103860361.0,2906055925.64
2025-02-26,sh.600030,27.35295648,27.9121812,27.23522496,27.9121812,139382674.0,3916115612.43
2025-02-27,sh.600030,27.69634008,27.961236,27.30390168,27.70615104,144479996.0,4062952243.31
2025-02-28,sh.600030,27.62766336,28.03972368,26.7839208,26.81335368,159499112.0,4442533958.08
2025-03-03,sh.600030,26.91146328,27.2744688,26.69562216,26.84278656,106508981.0,2931519666.58
2025-03-04,sh.600030,26.70543312,26.97032904,26.64656736,26.84278656,64173120.0,1755293974.64
2025-03-05,sh.600030,26.84278656,26.96051808,26.60732352,26.82316464,78185646.0,2134914467.12
2025-03-06,sh.600030,26.98995096,27.5687976,26.98014,27.470688,156284409.0,4359222945.4
2025-03-07,sh.600030,27.2744688,27.36276744,26.99976192,27.05862768,95791193.0,2653091475.05
2025-03-10,sh.600030,26.98014,26.98014,26.62694544,26.72505504,90443787.0,2465622786.24
2025-03-11,sh.600030,26.489592,26.79373176,26.40129336,26.7839208,77948559.0,2112824030.39
2025-03-12,sh.600030,26.7839208,27.19598112,26.67600024,26.7839208,97578618.0,2674523651.88
2025-03-13,sh.600030,26.734866,26.9310852,26.46997008,26.5877016,86042862.0,2338986156.67
2025-03-14,sh.600030,26.71524408,27.92199216,26.62694544,27.53936472,261208380.0,7293137589.38
2025-03-17,sh.600030,27.64728528,27.64728528,27.30390168,27.33333456,104001952.0,2908938808.19
2025-03-18,sh.600030,27.43144416,27.57860856,27.31371264,27.4216332,68407227.0,1912300537.59
2025-03-19,sh.600030,27.40201128,27.55898664,27.30390168,27.40201128,67762255.0,1893145479.87
2025-03-20,sh.600030,27.40201128,27.4216332,27.08806056,27.15673728,64119108.0,1777878915.68
2025-03-21,sh.600030,27.0782496,27.18617016,26.5386468,26.57789064,97701264.0,2668760589.12
2025-03-24,sh.600030,26.57789064,26.6858112,26.489592,26.67600024,66879005.0,1812137628.55
2025-03-25,sh.600030,26.6858112,26.70543312,26.489592,26.50921392,53905068.0,1459856179.55
2025-03-26,sh.600030,26.50921392,26.59751256,26.43072624,26.46997008,56408101.0,1523533195.51
2025-03-27,sh.600030,26.43072624,26.64656736,26.20507416,26.3914824,72547231.0,1953678393.69
2025-03-28,sh.600030,26.46997008,26.51902488,26.22469608,26.2933728,65897568.0,1769583852.77
2025-03-31,sh.600030,26.21488512,26.33261664,25.8028248,26.01866592,79783870.0,2115699501.76
2025-04-01,sh.600030,26.01866592,26.15601936,25.89112344,25.94017824,59639770.0,1580113213.67
2025-04-02,sh.600030,25.9009344,26.10696456,25.8518796,26.03828784,45671867.0,1211260841.93
2025-04-03,sh.600030,25.8028248,26.21488512,25.8028248,25.94017824,55867758.0,1479533336.62
2025-04-07,sh.600030,24.5274,24.69418632,23.3500848,23.56592592,227729985.0,5537982334.56
2025-04-08,sh.600030,23.65422456,24.12515064,23.42857248,24.036852,171895621.0,4187725099.27
2025-04-09,sh.600030,23.97798624,24.64513152,23.6934684,24.41947944,142335172.0,3510522520.24
2025-04-10,sh.600030,24.772674,24.9198384,24.2330712,24.66475344,122731517.0,3093831094.27
2025-04-11,sh.600030,24.65494248,25.10624664,24.55683288,24.88059456,93228996.0,2355030857.86
2025-04-14,sh.600030,24.95908224,25.00813704,24.73343016,24.75305208,63510014.0,1608059449.78
2025-04-15,sh.600030,24.71380824,24.73343016,24.46853424,24.63532056,56251565.0,1409537552.08
2025-04-16,sh.600030,24.61569864,24.772674,24.30174792,24.6745644,66204342.0,1651630526.15
2025-04-17,sh.600030,24.5764548,24.772674,24.49796712,24.69418632,48169473.0,1210732279.37
2025-04-18,sh.600030,24.58626576,24.772674,24.5274,24.6745644,47629384.0,1196730533.63
2025-04-21,sh.600030,24.59607672,24.80210688,24.51758904,24.75305208,44137123.0,1112592222.16
2025-04-22,sh.600030,24.7236192,24.8217288,24.60588768,24.60588768,45949114.0,1157699162.55
2025-04-23,sh.600030,24.75305208,24.80210688,24.56664384,24.65494248,48372379.0,1216639786.26
2025-04-24,sh.600030,24.64513152,24.772674,24.4783452,24.5274,51916077.0,1302315279.22
2025-04-25,sh.600030,24.6255096,24.85116168,24.60588768,24.7236192,67011322.0,1690527143.77
2025-04-28,sh.600030,24.7236192,24.73343016,24.5274,24.65494248,44065597.0,1106437411.33
2025-04-29,sh.600030,24.66475344,24.7236192,24.48815616,24.53721096,46258639.0,1158492283.34
2025-04-30,sh.600030,24.60588768,24.80210688,24.54702192,24.60588768,51451423.0,1293711644.75
2025-05-06,sh.600030,24.80210688,25.19454528,24.7236192,25.02775896,81902958.0,2086441329.31
2025-05-07,sh.600030,25.78320288,25.92055632,25.12586856,25.18473432,117323426.0,3040010227.7
2025-05-08,sh.600030,25.15530144,25.7047152,25.0670028,25.37114256,83674744.0,2170080321.98
2025-05-09,sh.600030,25.3122768,25.39076448,25.05719184,25.0670028,47695837.0,1223488810.38
2025-05-12,sh.600030,25.29265488,25.88131248,25.1651124,25.8028248,131458156.0,3436067272.53
2025-05-13,sh.600030,25.999044,26.0480988,25.56736176,25.59679464,79642618.0,2088033654.34
2025-05-14,sh.600030,25.5575508,27.21560304,25.51830696,26.55826872,273905637.0,7367935399.28
2025-05-15,sh.600030,26.2933728,26.49940296,26.01866592,26.07753168,99456456.0,2657150207.08
2025-05-16,sh.600030,25.96961112,26.17564128,25.63603848,25.71452616,71479998.0,1878231800.7
2025-05-19,sh.600030,25.68509328,25.74395904,25.52811792,25.61641656,49274631.0,1285903214.0
2025-05-20,sh.600030,25.66547136,25.78320288,25.56736176,25.59679464,50524073.0,1320882683.22
2025-05-21,sh.600030,25.59679464,25.7047152,25.53792888,25.54773984,53649225.0,1400914011.53
2025-05-22,sh.600030,25.508496,25.57717272,25.37114256,25.49868504,44399458.0,1153132884.39
2025-05-23,sh.600030,25.43981928,25.6556604,25.17492336,25.18473432,66448183.0,1720713752.54
2025-05-26,sh.600030,25.1651124,25.28284392,25.04738088,25.13567952,45069898.0,1154448355.62
2025-05-27,sh.600030,25.10624664,25.14549048,24.93946032,25.02775896,43510492.0,1110726853.7
2025-05-28,sh.600030,25.05719184,25.09643568,24.88059456,24.93946032,35473327.0,902758247.93
2025-05-29,sh.600030,24.92964936,25.30246584,24.92964936,25.2141672,54271635.0,1392291072.17
2025-05-30,sh.600030,25.09643568,25.1651124,24.89040552,25.03756992,54977072.0,1402145832.59
2025-06-03,sh.600030,24.9198384,25.29265488,24.88059456,25.10624664,54994639.0,1407063923.18
2025-06-04,sh.600030,25.09643568,25.5575508,25.07681376,25.40057544,63914301.0,1653640823.46
2025-06-05,sh.600030,25.43000832,25.73414808,25.37114256,25.68509328,85204555.0,2221904941.86
2025-06-06,sh.600030,25.68509328,25.78320288,25.4594412,25.48887408,50405365.0,1313321249.34
2025-06-09,sh.600030,25.58698368,26.02847688,25.58698368,25.93036728,90876994.0,2399507281.45
2025-06-10,sh.600030,25.93036728,25.98923304,25.33189872,25.4594412,73534370.0,1920532859.7
2025-06-11,sh.600030,25.5575508,26.1952632,25.508496,25.88131248,103266558.0,2730197606.43
2025-06-12,sh.600030,25.67528232,26.17564128,25.56736176,25.94017824,74801514.0,1978379473.08
2025-06-13,sh.600030,25.8518796,25.94017824,25.68509328,25.8028248,73726526.0,1937850752.4
2025-06-16,sh.600030,25.7047152,26.244318,25.67528232,26.17564128,78096124.0,2072284895.31
2025-06-17,sh.600030,26.16583032,26.21488512,26.01866592,26.1952632,51496764.0,1371101917.87
2025-06-18,sh.600030,26.1952632,26.20507416,25.75377,25.88131248,52304769.0,1381128495.03
2025-06-19,sh.600030,25.8518796,25.92055632,25.37114256,25.42019736,65214670.0,1698490899.06
2025-06-20,sh.600030,25.42019736,25.5575508,25.39076448,25.39076448,41992436.0,1089208101.3
2025-06-23,sh.600030,25.29265488,25.8028248,25.263222,25.73414808,55235775.0,1439115621.53
2025-06-24,sh.600030,25.78320288,26.55826872,25.76358096,26.40129336,136424965.0,3659696309.77
2025-06-25,sh.600030,26.43072624,27.6669072,26.3424276,27.50012088,285636122.0,7881370306.55
2025-06-26,sh.600030,27.45106608,27.52955376,27.0291948,27.04881672,166940228.0,4633306781.33
2025-06-27,sh.600030,27.1273044,27.92199216,26.98014,27.05862768,177658492.0,4968291922.59
2025-06-30,sh.600030,27.08806056,27.3235236,26.8329756,27.09787152,96862649.0,2670400295.55
2025-07-01,sh.600030,27.10768248,27.25484688,26.79373176,26.87221944,70762348.0,1940654048.88
2025-07-02,sh.600030,26.8820304,26.99976192,26.71524408,26.76429888,57525052.0,1573744148.58
2025-07-03,sh.600030,26.87221944,27.225414,26.84278656,27.14692632,72598917.0,2000459020.08
2025-07-04,sh.600030,27.0782496,27.5197428,26.8329756,27.13711536,102139372.0,2830151537.17
2025-07-07,sh.600030,27.00957288,27.38238936,26.97032904,27.26465784,57222377.0,1588782682.74
2025-07-08,sh.600030,27.19598112,27.54917568,27.18617016,27.49030992,84580324.0,2365303709.92
2025-07-09,sh.600030,27.49030992,27.72577296,27.23522496,27.28427976,80770210.0,2261446228.23
2025-07-10,sh.600030,27.25484688,27.88274832,27.19598112,27.69634008,142197216.0,4006903003.47
2025-07-11,sh.600030,27.79444968,28.73630184,27.62766336,28.11821136,246501548.0,7099768618.37
2025-07-14,sh.600030,28.22613192,28.27518672,27.84350448,27.87293736,100929723.0,2880998854.12
2025-07-15,sh.600030,27.9121812,28.07896752,27.54917568,27.70615104,94326837.0,2669330265.23
2025-07-16,sh.600030,27.70615104,27.79444968,27.3725784,27.54917568,76152358.0,2140328874.4
2025-07-17,sh.600030,27.53936472,27.84350448,27.48049896,27.715962,63999706.0,1801602017.34
2025-07-18,sh.600030,27.7650168,27.92199216,27.62766336,27.80426064,66669830.0,1886801281.68
2025-07-21,sh.600030,27.9121812,28.46159496,27.80426064,28.3536744,132900464.0,3827828697.35
2025-07-22,sh.600030,28.3536744,28.53027168,28.00047984,28.38310728,112187441.0,3231521990.56
2025-07-23,sh.600030,28.46159496,29.49174576,28.451784,29.21703888,288781318.0,8542345797.77
2025-07-24,sh.600030,29.00119776,29.70758688,28.92271008,29.47212384,209784096.0,6293474531.7
2025-07-25,sh.600030,29.52117864,29.64872112,29.05025256,29.1385512,121393484.0,3625225120.3
2025-07-28,sh.600030,29.16798408,29.85475128,29.07968544,29.39363616,125792547.0,3779720807.75
2025-07-29,sh.600030,29.2366608,29.42306904,28.8932772,29.3838252,122993105.0,3656078961.98
2025-07-30,sh.600030,29.3347704,29.75664168,28.8932772,29.21703888,126880860.0,3797224729.42
2025-07-31,sh.600030,29.03063064,29.3347704,28.3046196,28.47140592,141339521.0,4146844446.38
2025-08-01,sh.600030,28.451784,28.6480032,28.1574552,28.20651,96389080.0,2786733535.83
2025-08-04,sh.600030,28.1084004,28.44197304,28.0593456,28.36348536,71371756.0,2055044706.68
2025-08-05,sh.600030,28.41254016,28.72649088,28.33405248,28.62838128,91358852.0,2654420805.02
2025-08-06,sh.600030,28.5498936,28.70686896,28.41254016,28.60875936,73924034.0,2153758083.65
2025-08-07,sh.600030,28.65781416,28.8932772,28.39291824,28.55970456,88005636.0,2566335297.45
2025-08-08,sh.600030,28.5498936,28.55970456,28.27518672,28.33405248,65456137.0,1894690752.01
2025-08-11,sh.600030,28.34386344,29.0894964,28.34386344,28.82460048,126773499.0,3724263635.33
2025-08-12,sh.600030,28.88346624,29.01100872,28.75592376,28.92271008,82051260.0,2415805698.31
2025-08-13,sh.600030,29.0894964,29.49174576,28.76573472,29.06006352,200047866.0,5945238503.15
2025-08-14,sh.600030,29.14836216,29.6290992,29.01100872,29.0894964,186187703.0,5562185689.19
2025-08-15,sh.600030,29.0894964,30.91433496,28.95214296,30.5120856,400806610.0,12313562405.84
2025-08-18,sh.600030,30.60038424,31.6894008,30.3158664,31.1007432,356648188.0,11284010952.34
2025-08-19,sh.600030,30.904524,31.22828568,30.35511024,30.43359792,196858262.0,6158371746.38
2025-08-20,sh.600030,30.3158664,30.57095136,29.7762636,30.5611404,185823025.0,5718792645.29
2025-08-21,sh.600030,30.7573596,30.82603632,30.13926912,30.29624448,137901268.0,4284970506.56
2025-08-22,sh.600030,30.28643352,31.61091312,30.27662256,31.5912912,270491980.0,8561038377.95
2025-08-25,sh.600030,32.165315,32.19500606,31.30427426,31.80902228,251449182.0,8054612645.5
2025-08-26,sh.600030,31.61108188,31.75953718,31.30427426,31.35375936,139998282.0,4459689620.75
2025-08-27,sh.600030,31.34386234,31.74964016,30.55210074,30.57189478,209491695.0,6604013662.61
2025-08-28,sh.600030,30.5817918,31.175613,30.37395438,31.175613,163948378.0,5092858421.97
2025-08-29,sh.600030,31.3735534,31.74964016,31.0271577,31.15581896,248687107.0,7870324453.35
2025-09-01,sh.600030,31.16571598,31.2250981,30.5817918,30.84901134,170874307.0,5328087689.49
2025-09-02,sh.600030,30.8787024,31.00736366,30.34426332,30.46302756,170084591.0,5255366922.64
2025-09-03,sh.600030,30.65107094,30.75004114,29.21600304,29.48322258,188476082.0,5681134739.04
2025-09-04,sh.600030,29.45353152,29.60198682,28.8992984,29.25559112,181580653.0,5367895398.25
2025-09-05,sh.600030,29.26548814,29.5426047,29.02795966,29.52281066,133373060.0,3946998043.05
2025-09-08,sh.600030,29.4931196,29.4931196,29.0477537,29.1467239,155119817.0,4576095541.13
2025-09-09,sh.600030,29.1467239,29.43373748,29.07744476,29.21600304,117928405.0,3481157225.49
2025-09-10,sh.600030,29.26548814,29.38425238,29.03785668,29.17641496,88404843.0,2609280737.54
2025-09-11,sh.600030,29.08734178,30.01766166,28.9982686,30.01766166,186399077.0,5582043265.9
2025-09-12,sh.600030,30.04735272,30.11663186,29.3941494,29.47332556,147984324.0,4443482472.57
2025-09-15,sh.600030,29.55250172,29.8395153,29.11703284,29.28528218,172454102.0,5134931802.94
2025-09-16,sh.600030,29.2951792,29.55250172,28.90919542,28.97847456,208344421.0,6137333281.93
2025-09-17,sh.600030,28.98837158,29.20610602,28.66176992,28.69146098,302415262.0,8823722234.23
2025-09-18,sh.600030,28.71125502,28.88940138,27.8601113,28.0580517,372997884.0,10712761661.34
2025-09-19,sh.600030,27.9590815,28.3054772,27.85021428,28.01846362,166230032.0,4717340585.97
2025-09-22,sh.600030,28.1570219,28.58259376,28.06794872,28.48362356,155923418.0,4470772779.87
2025-09-23,sh.600030,28.33516826,28.51331462,27.9590815,28.206507,149735724.0,4261899073.59
2025-09-24,sh.600030,28.0580517,28.57269674,28.04815468,28.39455038,155819804.0,4449992754.59
2025-09-25,sh.600030,28.33516826,28.54300568,28.2559921,28.41434442,132806322.0,3815540271.91
2025-09-26,sh.600030,28.37475634,28.69146098,28.21640402,28.42424144,126643060.0,3641096137.04
2025-09-29,sh.600030,28.42424144,31.16571598,28.32527124,30.09683782,593771449.0,17972866571.86
2025-09-30,sh.600030,29.96817656,30.2848812,29.43373748,29.5920898,295038797.0,8855514216.56
2025-10-09,sh.600030,29.2951792,29.9384855,29.0477537,29.3446643,380798468.0,11325172371.32
2025-10-10,sh.600030,29.33476728,29.95827954,29.23579708,29.37435536,267585628.0,7995783961.84
2025-10-13,sh.600030,28.6023878,29.18631198,28.51331462,28.8992984,211049326.0,6135452947.07
2025-10-14,sh.600030,28.8992984,29.40404642,28.63207886,28.73104906,195512452.0,5727412729.52
2025-10-15,sh.600030,28.83991628,29.42384046,28.76074012,29.38425238,196485192.0,5779800802.31
2025-10-16,sh.600030,29.2951792,29.67126596,29.196209,29.3446643,159731518.0,4745901326.85
2025-10-17,sh.600030,29.35456132,29.62178086,28.7508431,28.79043118,173989890.0,5124858638.59
2025-10-20,sh.600030,29.0972388,29.23579708,28.82012224,28.92898946,122730684.0,3594768007.57
2025-10-21,sh.600030,29.00816562,29.79992722,28.90919542,29.05765072,306867820.0,9070647643.78
2025-10-22,sh.600030,28.91909244,28.92898946,28.72115204,28.88940138,122694826.0,3574148770.97
2025-10-23,sh.600030,28.8992984,29.27538516,28.5529027,29.21600304,140360535.0,4096658104.46
2025-10-24,sh.600030,29.2456941,29.75044212,29.196209,29.56239874,299094343.0,8892004443.33
2025-10-27,sh.600030,29.9384855,30.31457226,29.52281066,29.68116298,461214211.0,13902244214.67
2025-10-28,sh.600030,29.67126596,30.02755868,29.4931196,29.69106,226331603.0,6798411078.77
2025-10-29,sh.600030,29.6415749,30.14632292,29.5426047,29.9879706,313670198.0,9477951608.78
2025-10-30,sh.600030,29.87910338,29.91869146,29.31497324,29.37435536,245220842.0,7339678554.48
2025-10-31,sh.600030,29.41394344,29.56239874,29.06754774,29.07744476,167153229.0,4938189521.2
2025-11-03,sh.600030,29.0477537,29.07744476,28.63207886,28.91909244,139351693.0,4059197675.57
2025-11-04,sh.600030,28.87950436,28.9487835,28.66176992,28.78053416,119758945.0,3482779127.63
2025-11-05,sh.600030,28.63207886,28.86960734,28.62218184,28.76074012,94055879.0,2735028198.79
2025-11-06,sh.600030,28.82012224,29.12692986,28.8003282,28.88940138,162561807.0,4753244677.25
2025-11-07,sh.600030,28.79043118,28.82012224,28.6518729,28.701358,96072134.0,2787864865.32
2025-11-10,sh.600030,28.701358,29.15662092,28.66176992,28.9982686,162194018.0,4737134776.67
2025-11-11,sh.600030,29.03785668,29.0972388,28.701358,28.76074012,104299540.0,3038989817.51
2025-11-12,sh.600030,28.77063714,28.81022522,28.51331462,28.6023878,108630812.0,3144600711.04
2025-11-13,sh.600030,28.58259376,28.82012224,28.56279972,28.78053416,117874907.0,3418473433.56
2025-11-14,sh.600030,28.6518729,28.66176992,28.32527124,28.34506528,120170706.0,3463551862.23
2025-11-17,sh.600030,28.31537422,28.31537422,27.96897852,27.99866958,107770905.0,3058387827.99
2025-11-18,sh.600030,27.97887554,28.13722786,27.87990534,27.92939044,91515389.0,2589358392.49
2025-11-19,sh.600030,27.92939044,28.12733084,27.9095964,28.0085666,84481274.0,2392792473.5
2025-11-20,sh.600030,28.5529027,28.64197588,27.98877256,28.0085666,152864285.0,4380360233.44
2025-11-21,sh.600030,27.72155302,27.9590815,27.0188646,27.0188646,169503916.0,4693752816.04
2025-11-24,sh.600030,27.1178348,27.216805,26.97927652,27.10793778,89138879.0,2441061828.89
2025-11-25,sh.600030,27.18711394,27.3652603,27.1178348,27.18711394,80225905.0,2207852490.42
2025-11-26,sh.600030,27.23659904,27.43453944,27.15742288,27.3157752,68169452.0,1881110589.31
2025-11-27,sh.600030,27.24649606,27.52361262,27.23659904,27.29598116,64864740.0,1794367923.81
2025-11-28,sh.600030,27.32567222,27.35536328,27.12773182,27.30587818,74659823.0,2055903545.67
2025-12-01,sh.600030,27.216805,27.44443646,27.19701096,27.38505434,70798737.0,1956001678.67
2025-12-02,sh.600030,27.37515732,27.40484838,27.0683497,27.08814374,65292152.0,1793505907.5
2025-12-03,sh.600030,27.1673199,27.28608414,26.75164506,26.8704093,78110536.0,2129256755.56
2025-12-04,sh.600030,26.86051228,27.09804076,26.74174804,26.9198944,69237557.0,1882466792.98
2025-12-05,sh.600030,26.9198944,27.80072918,26.88030632,27.57309772,163790521.0,4536315643.99
2025-12-08,sh.600030,28.08774276,28.76074012,28.08774276,28.4044474,314621670.0,9057705851.68
2025-12-09,sh.600030,28.22630104,28.53310866,28.08774276,28.23619806,130128521.0,3717964324.96
2025-12-10,sh.600030,28.12733084,28.27578614,27.87000832,28.22630104,99289687.0,2815735192.15
2025-12-11,sh.600030,28.2559921,28.28568316,27.8601113,27.99866958,74225023.0,2103229397.61
2025-12-12,sh.600030,27.96897852,28.26588912,27.79083216,28.11743382,106756984.0,3023765536.27
2025-12-15,sh.600030,27.96897852,28.64197588,27.88980236,28.2559921,119324123.0,3418024767.44
2025-12-16,sh.600030,28.14712488,28.49352058,27.98877256,28.18671296,100161602.0,2851192433.86
2025-12-17,sh.600030,28.18671296,28.8498133,28.1075368,28.67166694,161703772.0,4662507507.89
2025-12-18,sh.600030,28.6023878,28.6023878,28.17681594,28.23619806,113593828.0,3248014077.73
2025-12-19,sh.600030,28.28568316,28.64197588,28.17681594,28.38465336,98348153.0,2821714141.72
2025-12-22,sh.600030,28.32527124,28.49352058,28.3054772,28.3549623,75331310.0,2160286840.95
2025-12-23,sh.600030,28.38465336,28.58259376,28.29558018,28.33516826,94064657.0,2702038440.13
2025-12-24,sh.600030,28.31537422,28.53310866,28.2559921,28.44403548,78951922.0,2266348143.26
2025-12-25,sh.600030,28.4539325,28.72115204,28.4044474,28.66176992,104494796.0,3020073434.02
2025-12-26,sh.600030,28.66176992,29.0972388,28.6023878,28.8003282,141352575.0,4122805470.36
2025-12-29,sh.600030,28.73104906,28.83991628,28.56279972,28.64197588,90671097.0,2628004106.38
2025-12-30,sh.600030,28.56279972,28.72115204,28.4539325,28.53310866,85434793.0,2463949229.12
2025-12-31,sh.600030,28.5034176,28.77063714,28.38465336,28.41434442,85634753.0,2470416839.87
2026-01-05,sh.600030,28.53310866,29.05765072,28.5034176,29.02795966,185177013.0,5402908222.06
2026-01-06,sh.600030,29.05765072,29.9384855,29.02795966,29.87910338,334935799.0,10055094451.62
2026-01-07,sh.600030,29.89889742,29.89889742,29.0972388,29.196209,229502122.0,6829635012.03
2026-01-08,sh.600030,28.98837158,28.98837158,28.1570219,28.24609508,315027225.0,9039903880.88
2026-01-09,sh.600030,28.24609508,28.37475634,28.0580517,28.27578614,232677161.0,6628564035.98
2026-01-12,sh.600030,28.27578614,28.5529027,28.11743382,28.48362356,217308310.0,6227140485.2
2026-01-13,sh.600030,28.5529027,28.8498133,28.18671296,28.2559921,215969109.0,6226326714.3
2026-01-14,sh.600030,28.19660998,28.83001926,27.8601113,27.93928746,321882341.0,9209655921.69
2026-01-15,sh.600030,28.08774276,28.5034176,27.93928746,27.98877256,207814142.0,5904891817.13
2026-01-16,sh.600030,28.206507,28.27578614,27.70175898,27.79083216,209581279.0,5914162078.21
2026-01-19,sh.600030,27.45433348,27.68196494,27.4147454,27.62258282,159433764.0,4437182144.41
2026-01-20,sh.600030,27.64237686,27.8601113,27.62258282,27.7611411,138513336.0,3884362839.08
2026-01-21,sh.600030,27.74134706,27.82052322,27.50381858,27.65227388,141050126.0,3943890399.79
2026-01-22,sh.600030,27.6126858,27.92939044,27.53350964,27.63247984,172592474.0,4825498273.01
2026-01-23,sh.600030,27.711656,27.77103812,27.4147454,27.48402454,188106135.0,5240083934.44
2026-01-26,sh.600030,27.48402454,28.14712488,27.42464242,27.78093514,263751164.0,7423210355.58
2026-01-27,sh.600030,27.80072918,27.85021428,27.5137156,27.57309772,141523812.0,3957139688.99
2026-01-28,sh.600030,27.60278878,27.88980236,27.48402454,27.65227388,171879381.0,4805814919.03
2026-01-29,sh.600030,27.6126858,28.28568316,27.4147454,28.26588912,297781177.0,8387338386.11
2026-01-30,sh.600030,28.206507,28.22630104,27.79083216,27.79083216,190709529.0,5390994669.67
2026-02-02,sh.600030,27.80072918,28.3054772,27.54340666,27.57309772,181833606.0,5128515409.43
2026-02-03,sh.600030,27.78093514,27.8106262,27.42464242,27.68196494,132291749.0,3686657439.25
2026-02-04,sh.600030,27.5632007,28.09763978,27.55330368,28.08774276,157219253.0,4440800887.62
2026-02-05,sh.600030,27.99866958,28.19660998,27.84031726,27.99866958,115684169.0,3276268367.44
2026-02-06,sh.600030,27.9095964,28.06794872,27.8106262,27.87000832,107402653.0,3027616780.26
2026-02-09,sh.600030,28.01,28.1,27.88,28.06,97053435.0,2718596599.05
2026-02-10,sh.600030,28.06,28.18,27.98,28.09,75629809.0,2124582775.97
2026-02-11,sh.600030,28.11,28.15,27.95,28.04,83665980.0,2346138810.3
2026-02-12,sh.600030,28.03,28.03,27.77,27.87,95785415.0,2671181327.42
2026-02-13,sh.600030,27.87,28.0,27.62,27.62,109046516.0,3032551539.32
2026-02-24,sh.600030,27.76,27.8,27.61,27.63,84792805.0,2346720144.68
2026-02-25,sh.600030,27.64,27.89,27.61,27.74,101623021.0,2823641661.39
2026-02-26,sh.600030,27.75,27.78,27.33,27.38,132628852.0,3647542589.14
2026-02-27,sh.600030,27.36,27.49,27.18,27.37,87758758.0,2400314700.61
2026-03-02,sh.600030,27.11,27.2,26.86,27.07,130969370.0,3544085954.9
2026-03-03,sh.600030,27.06,27.38,26.75,26.8,160721145.0,4345572178.73
2026-03-04,sh.600030,26.6,26.65,26.05,26.14,150080106.0,3949873434.62
2026-03-05,sh.600030,26.33,26.44,26.1,26.21,81899057.0,2150433697.87
2026-03-06,sh.600030,26.18,26.58,26.11,26.43,77673336.0,2046673145.09
