date,code,open,high,low,close,volume,amount
2021-08-23,sh.603019,29.4532938,29.8248825,29.2577208,29.6097522,18958007.0,573323696.68
2021-08-24,sh.603019,29.59997355,29.6879814,29.26749945,29.4337365,15730190.0,473501281.68
2021-08-25,sh.603019,29.4728511,29.8053252,29.1599343,29.69776005,20434151.0,617209147.32
2021-08-26,sh.603019,29.34572865,29.4728511,28.46565015,28.5145434,24874662.0,735427534.05
2021-08-27,sh.603019,28.38742095,28.79812425,28.01583225,28.749231,20010611.0,581317849.15
2021-08-30,sh.603019,29.46307245,29.6097522,28.56343665,28.6514445,21187667.0,630685100.52
2021-08-31,sh.603019,28.23096255,28.4558715,27.4584492,27.6931368,23096394.0,656799149.16
2021-09-01,sh.603019,27.6344649,28.1233974,27.2824335,27.9278244,19043523.0,539751806.64
2021-09-02,sh.603019,27.91804575,27.91804575,27.3997773,27.575793,13717257.0,386527376.34
2021-09-03,sh.603019,27.575793,27.9278244,27.5171211,27.6931368,12746083.0,361455120.81
2021-09-06,sh.603019,27.575793,28.32874905,27.52689975,28.28963445,15569181.0,446489791.91
2021-09-07,sh.603019,28.162512,28.6514445,28.1233974,28.44609285,13085425.0,379880158.53
2021-09-08,sh.603019,28.44609285,28.6905591,28.25051985,28.5732153,13966124.0,406313278.19
2021-09-09,sh.603019,28.4949861,28.6710018,28.28963445,28.64166585,14345201.0,417779885.76
2021-09-10,sh.603019,28.6318872,29.18927025,28.4949861,28.77856695,19309767.0,569860932.64
2021-09-13,sh.603019,28.7687883,28.79812425,28.01583225,28.11361875,16778649.0,485121070.21
2021-09-14,sh.603019,28.09406145,28.4167569,27.33132675,27.4388919,19586160.0,557943725.27
2021-09-15,sh.603019,27.38022,27.4193346,26.8912875,27.01840995,16337483.0,452470461.07
2021-09-16,sh.603019,26.94018075,27.27265485,26.50992015,26.50992015,15046591.0,412823681.86
2021-09-17,sh.603019,26.5196988,26.8326156,26.2654539,26.76416505,12174282.0,330153691.43
2021-09-22,sh.603019,26.45124825,26.94018075,26.37301905,26.8717302,8861069.0,242031402.04
2021-09-23,sh.603019,26.9695167,27.3411054,26.9695167,27.0673032,10993452.0,304958504.13
2021-09-24,sh.603019,27.1259751,27.2237616,26.8130583,26.84239425,8186648.0,226168213.04
2021-09-27,sh.603019,27.15531105,27.575793,26.989074,27.2042043,14301624.0,398627573.99
2021-09-28,sh.603019,27.0868605,27.184647,26.49036285,26.6957145,9865703.0,269771402.8
2021-09-29,sh.603019,26.62726395,26.62726395,25.9329798,26.02098765,12107743.0,323573752.15
2021-09-30,sh.603019,26.011209,26.37301905,26.011209,26.2263393,6869362.0,184346888.88
2021-10-08,sh.603019,26.5001415,27.1650897,26.402355,26.7739437,10155555.0,278739456.87
2021-10-11,sh.603019,26.8130583,27.184647,26.8130583,27.0673032,9952344.0,275123637.8
2021-10-12,sh.603019,27.07708185,27.1650897,26.66637855,26.95973805,9028371.0,248183163.08
2021-10-13,sh.603019,27.0673032,27.07708185,26.6957145,27.05752455,7558810.0,208099388.44
2021-10-14,sh.603019,27.05752455,27.15531105,26.92062345,27.0673032,6924705.0,191372313.54
2021-10-15,sh.603019,27.184647,27.95716035,27.184647,27.56601435,18646031.0,526075628.22
2021-10-18,sh.603019,27.56601435,27.56601435,27.1455324,27.29221215,8371273.0,233657084.61
2021-10-19,sh.603019,27.3019908,27.44867055,27.17486835,27.2237616,7080529.0,197485994.51
2021-10-20,sh.603019,27.52689975,27.66380085,26.23611795,26.4610269,17562098.0,484575695.37
2021-10-21,sh.603019,26.2654539,27.33132675,26.2654539,26.8912875,16302399.0,448965637.35
2021-10-22,sh.603019,26.72505045,27.58557165,26.70549315,27.23354025,12276861.0,341334703.26
2021-10-25,sh.603019,27.23354025,27.37044135,26.92062345,27.25309755,8893057.0,246281950.24
2021-10-26,sh.603019,27.25309755,27.56601435,27.07708185,27.48778515,14321963.0,401133364.54
2021-10-27,sh.603019,27.52689975,27.58557165,26.39257635,26.6957145,16413302.0,450061460.62
2021-10-28,sh.603019,26.6957145,27.01840995,26.402355,26.58814935,11451789.0,312337605.76
2021-10-29,sh.603019,26.64682125,27.01840995,26.50992015,26.86195155,9550826.0,262061489.01
2021-11-01,sh.603019,26.7152718,27.4584492,26.62726395,27.2628762,12310712.0,342094615.29
2021-11-02,sh.603019,27.2433189,27.5953503,26.7543864,27.0868605,13651772.0,379736428.97
2021-11-03,sh.603019,27.2628762,27.6735795,27.11619645,27.42911325,13373685.0,375358524.88
2021-11-04,sh.603019,27.38022,28.162512,27.38022,27.82025925,23409493.0,666678299.7
2021-11-05,sh.603019,27.82025925,28.358085,27.7518087,28.2016266,22839610.0,657581219.86
2021-11-08,sh.603019,28.27007715,28.2798558,27.7126941,27.8691525,14736634.0,421191009.63
2021-11-09,sh.603019,28.11361875,28.11361875,27.56601435,28.01583225,17402834.0,496055672.5
2021-11-10,sh.603019,28.01583225,28.4167569,27.80070195,27.966939,16981272.0,487932915.28
2021-11-11,sh.603019,27.8495952,28.7687883,27.82025925,28.42653555,18922346.0,547670111.74
2021-11-12,sh.603019,28.36786365,28.6905591,28.2211839,28.42653555,14930049.0,433805605.08
2021-11-15,sh.603019,28.58299395,29.0230332,28.3776423,28.4167569,19557405.0,573247191.14
2021-11-16,sh.603019,28.48520745,29.34572865,28.36786365,29.0230332,33344813.0,987479490.06
2021-11-17,sh.603019,29.0425905,29.1208197,28.71989505,28.97413995,19450995.0,574710457.92
2021-11-18,sh.603019,28.89591075,29.07192645,28.17229065,28.19184795,19235020.0,562147859.67
2021-11-19,sh.603019,28.162512,28.58299395,27.91804575,28.3385277,15507320.0,448068716.53
2021-11-22,sh.603019,28.3189704,28.77856695,28.2211839,28.66122315,14239354.0,416851923.13
2021-11-23,sh.603019,28.70033775,28.8470175,28.40697825,28.4949861,13817513.0,403607623.67
2021-11-24,sh.603019,28.553658,28.553658,28.2211839,28.32874905,14339878.0,415803955.59
2021-11-25,sh.603019,28.52432205,28.79812425,28.25051985,28.27007715,15171033.0,441794300.54
2021-11-26,sh.603019,28.09406145,28.2407412,27.1064178,27.11619645,32585587.0,915637531.51
2021-11-29,sh.603019,26.66637855,27.2042043,26.597928,27.07708185,13230498.0,364435297.14
2021-11-30,sh.603019,27.0868605,27.4975638,27.0673032,27.3411054,18518895.0,516360589.86
2021-12-01,sh.603019,27.2237616,27.4584492,27.09663915,27.3411054,11313608.0,315965950.41
2021-12-02,sh.603019,27.3019908,27.3215481,26.90106615,26.97929535,12855658.0,355609224.73
2021-12-03,sh.603019,27.05752455,27.4388919,26.99885265,27.35088405,12362569.0,344937829.29
2021-12-06,sh.603019,27.35088405,27.38999865,26.989074,26.99885265,11016220.0,305924026.22
2021-12-07,sh.603019,26.99885265,27.17486835,26.6957145,26.99885265,10225468.0,280909538.66
2021-12-08,sh.603019,27.0281886,27.6735795,26.989074,27.44867055,13012180.0,364144114.34
2021-12-09,sh.603019,27.52689975,28.13317605,27.4780065,27.8691525,21211452.0,605368322.78
2021-12-10,sh.603019,27.72247275,27.95716035,27.5562357,27.771366,12429157.0,352544429.09
2021-12-13,sh.603019,27.8300379,28.1820693,27.6735795,27.97671765,15191699.0,434929580.22
2021-12-14,sh.603019,27.9864963,28.1820693,27.8104806,27.9864963,13762935.0,394221002.91
2021-12-15,sh.603019,27.99627495,28.2994131,27.80070195,27.83981655,13418875.0,385176835.65
2021-12-16,sh.603019,27.70291545,28.11361875,27.40955595,27.97671765,17023750.0,484198807.89
2021-12-17,sh.603019,27.97671765,28.07450415,27.0477459,27.0673032,26570838.0,743373767.66
2021-12-20,sh.603019,26.8130583,27.13575375,26.3827977,26.41213365,17437724.0,476229037.78
2021-12-21,sh.603019,26.43169095,26.66637855,26.2850112,26.6565999,10862751.0,294620850.92
2021-12-22,sh.603019,26.7543864,26.8326156,26.54903475,26.58814935,10059508.0,274422624.78
2021-12-23,sh.603019,26.5001415,26.7739437,26.43169095,26.6370426,11233116.0,304961563.5
2021-12-24,sh.603019,26.64682125,26.6957145,26.3045685,26.3632404,11286129.0,305044279.16
2021-12-27,sh.603019,26.3632404,26.56859205,26.31434715,26.5588134,7176382.0,194265737.1
2021-12-28,sh.603019,26.597928,26.7152718,26.5001415,26.6565999,8092432.0,220325176.83
2021-12-29,sh.603019,26.6957145,26.70549315,26.47080555,26.64682125,8345055.0,226757235.69
2021-12-30,sh.603019,26.60770665,27.0673032,26.5783707,26.95973805,13781093.0,378794171.85
2021-12-31,sh.603019,27.0477459,27.0868605,26.80327965,26.95973805,8984524.0,247406503.08
2022-01-04,sh.603019,27.05752455,28.11361875,27.03796725,28.09406145,35033571.0,991880673.67
2022-01-05,sh.603019,27.93760305,28.34830635,27.8691525,27.9473817,25797381.0,741037839.98
2022-01-06,sh.603019,27.7909233,28.4558715,27.56601435,28.2798558,23855766.0,685670960.62
2022-01-07,sh.603019,28.34830635,28.52432205,27.575793,27.60512895,18751424.0,536561383.41
2022-01-10,sh.603019,27.60512895,30.2942577,27.58557165,29.7857679,78006464.0,2346896446.89
2022-01-11,sh.603019,29.8053252,29.99111955,29.140377,29.1794916,32981512.0,994353878.46
2022-01-12,sh.603019,29.28705675,29.4141792,28.85679615,29.16971295,25988332.0,774715252.78
2022-01-13,sh.603019,29.58041625,29.71731735,28.6905591,28.71989505,24131394.0,717145301.29
2022-01-14,sh.603019,28.48520745,29.22838485,28.4754288,28.54387935,19180521.0,564452914.23
2022-01-17,sh.603019,28.89591075,30.65606775,28.89591075,30.4702734,64020327.0,1964860299.2
2022-01-18,sh.603019,30.4898307,31.5850395,30.4116015,30.6854037,67376128.0,2137171997.39
2022-01-19,sh.603019,30.65606775,30.94942725,30.2160285,30.7831902,34128952.0,1068998120.83
2022-01-20,sh.603019,30.8809767,31.2721227,30.38226555,30.8418621,35790118.0,1132416209.53
2022-01-21,sh.603019,30.6462891,31.47747435,30.42138015,31.20367215,37113580.0,1183180696.32
2022-01-24,sh.603019,30.9787632,32.0935293,30.73429695,31.1547789,35568096.0,1145261429.05
2022-01-25,sh.603019,30.704961,31.2330081,29.531523,29.6293095,45580072.0,1413198691.61
2022-01-26,sh.603019,30.0204555,30.26492175,29.2381635,29.59997355,28060006.0,853454957.18
2022-01-27,sh.603019,29.531523,29.59997355,28.2407412,28.42653555,32299240.0,946585586.76
2022-01-28,sh.603019,28.42653555,30.77341155,28.25051985,29.67820275,37805652.0,1145945600.15
2022-02-07,sh.603019,30.313815,30.40182285,29.26749945,29.48262975,30373481.0,924762763.69
2022-02-08,sh.603019,29.18927025,30.40182285,28.5732153,30.2747004,33549174.0,1020443744.38
2022-02-09,sh.603019,30.0008982,31.8588417,29.9813409,31.4676957,59002717.0,1890273220.99
2022-02-10,sh.603019,31.24278675,31.77083385,31.0765497,31.2330081,27461130.0,879597390.51
2022-02-11,sh.603019,31.04721375,31.45791705,30.6854037,31.12544295,23409270.0,745520221.41
2022-02-14,sh.603019,30.92986995,31.02765645,30.14757795,30.4898307,22775658.0,711226139.84
2022-02-15,sh.603019,30.4311588,31.1743362,29.4532938,30.01067685,29835016.0,923846268.48
2022-02-16,sh.603019,30.32359365,30.9787632,29.9813409,30.38226555,24011754.0,748827928.07
2022-02-17,sh.603019,30.313815,30.9200913,29.727096,30.0204555,26096997.0,808614659.94
2022-02-18,sh.603019,30.8027475,31.7806125,30.8027475,31.34057325,44606843.0,1429043031.47
2022-02-21,sh.603019,32.465118,34.1666031,32.43578205,33.2278527,80660964.0,2729933176.4
2022-02-22,sh.603019,32.5629045,33.1496235,32.43578205,32.660691,41397155.0,1386095134.54
2022-02-23,sh.603019,33.24741,33.4625403,32.5042326,32.9931651,41971893.0,1420016712.45
2022-02-24,sh.603019,32.7584775,33.834129,31.61437545,32.45533935,57606415.0,1924687944.54
2022-02-25,sh.603019,32.7584775,33.3451965,32.269545,32.94427185,34962899.0,1174873030.16
2022-02-28,sh.603019,32.88559995,32.9149359,31.90773495,32.2304304,28653604.0,945580320.0
2022-03-01,sh.603019,32.465118,33.4038684,32.2499877,33.4038684,41857618.0,1413807104.0
2022-03-02,sh.603019,33.02250105,33.66789195,32.856264,33.638556,30815805.0,1050599056.0
2022-03-03,sh.603019,33.68744925,33.72656385,32.1130866,32.12286525,37824244.0,1267766864.0
2022-03-04,sh.603019,31.86862035,32.7975921,31.7806125,32.1326439,24805628.0,820287216.0
2022-03-07,sh.603019,31.9370709,32.1717585,30.69518235,30.9396486,35141393.0,1123907184.0
2022-03-08,sh.603019,31.1938935,31.4676957,30.01067685,30.03023415,36461210.0,1143000608.0
2022-03-09,sh.603019,29.97156225,31.04721375,29.28705675,30.9983205,45742879.0,1422119392.0
2022-03-10,sh.603019,32.1522012,32.16197985,31.24278675,31.4285811,28446650.0,918872992.0
2022-03-11,sh.603019,31.04721375,31.5654822,30.3333723,31.4285811,24893879.0,790966080.0
2022-03-14,sh.603019,31.096107,32.073972,30.94942725,31.39924515,24026652.0,775802896.0
2022-03-15,sh.603019,31.28190135,32.1522012,30.313815,30.3529296,36257559.0,1161557808.0
2022-03-16,sh.603019,30.85164075,32.7584775,30.0204555,32.53356855,46493093.0,1499295776.0
2022-03-17,sh.603019,32.9149359,32.92471455,32.1717585,32.31843825,43397762.0,1444184176.0
2022-03-18,sh.603019,32.08375065,32.6998056,31.5850395,31.67304735,30926524.0,1010422781.18
2022-03-21,sh.603019,31.71216195,31.7219406,30.48005205,31.04721375,35435892.0,1124313605.24
2022-03-22,sh.603019,30.7636329,31.3503519,30.73429695,31.1547789,20366431.0,646185397.2
2022-03-23,sh.603019,31.1743362,31.34057325,30.65606775,30.75385425,22045804.0,697281223.17
2022-03-24,sh.603019,30.53872395,30.53872395,29.5119657,29.5510803,28739994.0,877251399.96
2022-03-25,sh.603019,29.6879814,29.8639971,29.2186062,29.22838485,18613309.0,560482137.74
2022-03-28,sh.603019,28.89591075,29.42395785,28.62210855,29.1012624,14295874.0,424419177.63
2022-03-29,sh.603019,29.1208197,29.3163927,27.771366,27.966939,26565464.0,771271414.72
2022-03-30,sh.603019,28.2602985,28.79812425,28.0451682,28.7883456,22911295.0,666249175.28
2022-03-31,sh.603019,28.5927726,29.0425905,28.162512,29.03281185,19178101.0,562024068.73
2022-04-01,sh.603019,28.7687883,29.4924084,28.56343665,29.1599343,19559743.0,582137451.88
2022-04-06,sh.603019,28.9839186,29.28705675,28.83723885,29.140377,11323037.0,336675352.29
2022-04-07,sh.603019,28.99369725,29.32617135,28.11361875,28.13317605,14943794.0,437552998.04
2022-04-08,sh.603019,28.07450415,28.13317605,27.2237616,27.5562357,19287894.0,544178280.41
2022-04-11,sh.603019,27.38999865,27.44867055,26.402355,26.70549315,20203995.0,554550913.4
2022-04-12,sh.603019,26.70549315,27.4388919,26.62726395,27.37044135,15371099.0,425393723.34
2022-04-13,sh.603019,27.3215481,27.3215481,26.74460775,26.76416505,11264337.0,310132485.59
2022-04-14,sh.603019,27.1064178,27.64424355,26.7543864,27.4193346,16786627.0,466847733.02
2022-04-15,sh.603019,27.2628762,28.2798558,27.184647,28.2211839,20902466.0,597443060.45
2022-04-18,sh.603019,27.99627495,28.32874905,27.5562357,28.0451682,12452627.0,356330760.88
2022-04-19,sh.603019,27.93760305,28.1429547,27.54645705,27.62468625,10160249.0,288420963.17
2022-04-20,sh.603019,27.91804575,28.13317605,27.40955595,27.4584492,11105217.0,315401074.48
2022-04-21,sh.603019,27.2824335,27.8691525,27.0868605,27.19442565,13497112.0,378262026.72
2022-04-22,sh.603019,26.94018075,27.82025925,26.793501,27.6344649,18331833.0,514562581.64
2022-04-25,sh.603019,27.2824335,27.33132675,26.02098765,26.1089955,18155754.0,497159417.62
2022-04-26,sh.603019,26.09921685,26.3436831,23.49809595,23.49809595,40697409.0,1017575868.08
2022-04-27,sh.603019,23.0384994,24.837771,21.51303,24.7595418,35376623.0,848693881.48
2022-04-28,sh.603019,24.446625,24.5639688,23.90879925,23.9772498,20666530.0,509984852.88
2022-04-29,sh.603019,24.14348685,25.59072705,23.98702845,25.228917,24158265.0,615565245.15
2022-05-05,sh.603019,25.228917,25.92320115,25.14090915,25.59072705,18345240.0,481163292.09
2022-05-06,sh.603019,25.08223725,26.9695167,24.76932045,25.3658181,35043639.0,925592623.12
2022-05-09,sh.603019,24.8768856,25.57116975,24.7399845,24.9355575,15534241.0,398926353.23
2022-05-10,sh.603019,24.55419015,25.4831619,24.4270677,25.35603945,14150526.0,364362817.55
2022-05-11,sh.603019,25.3462608,26.56859205,25.27781025,25.70807085,23769488.0,633205445.25
2022-05-12,sh.603019,25.5027192,26.011209,25.1898024,25.5418338,13977802.0,365810675.62
2022-05-13,sh.603019,25.7374068,25.78630005,25.2680316,25.45382595,7884322.0,205526807.48
2022-05-16,sh.603019,25.5222765,25.70807085,24.37817445,24.4857396,23503018.0,596219218.68
2022-05-17,sh.603019,24.47596095,24.71064855,24.18260145,24.642198,12562692.0,314788639.03
2022-05-18,sh.603019,24.94533615,25.5222765,24.57374745,24.61286205,17563361.0,448167486.27
2022-05-19,sh.603019,24.20215875,24.4270677,23.9381352,24.251052,16307259.0,402783565.03
2022-05-20,sh.603019,24.3292812,24.63241935,24.251052,24.6226407,13274707.0,331842277.67
2022-05-23,sh.603019,24.73020585,24.8182137,24.3488385,24.80843505,12588132.0,317007021.75
2022-05-24,sh.603019,24.7985892,24.80842991,23.2240756,23.29296057,19219339.0,468773919.81
2022-05-25,sh.603019,23.37168625,23.87356246,23.34216412,23.70627039,11948245.0,287461818.64
2022-05-26,sh.603019,23.77515536,24.4049608,23.2240756,24.15894305,18558733.0,452071587.67
2022-05-27,sh.603019,24.19830589,24.4049608,23.83419962,24.07037666,10661609.0,261427473.53
2022-05-30,sh.603019,24.08021737,24.18846518,23.83419962,24.0113324,11732726.0,286271131.62
2022-05-31,sh.603019,23.99165098,24.66081926,23.72595181,24.53289003,17284357.0,425127320.92
2022-06-01,sh.603019,24.4049608,24.65097855,24.17862447,24.34591654,13386641.0,332143252.22
2022-06-02,sh.603019,24.25735015,24.94619985,24.00149169,24.87731488,14846390.0,370459461.1
2022-06-06,sh.603019,24.86747417,25.94995227,24.85763346,25.84170446,33523702.0,869598842.43
2022-06-07,sh.603019,25.89090801,27.2587667,25.63504955,26.94386398,32471892.0,871081287.65
2022-06-08,sh.603019,26.90450114,28.78407675,26.71752765,27.87873143,57818564.0,1643779456.69
2022-06-09,sh.603019,27.87873143,28.41997048,26.75689049,26.90450114,33134373.0,924747954.79
2022-06-10,sh.603019,26.72736836,27.51462516,26.6683241,27.23908528,19064402.0,526652984.95
2022-06-13,sh.603019,27.18988173,27.38669593,26.74704978,27.26860741,16616520.0,457502767.06
2022-06-14,sh.603019,26.77657191,27.00290824,26.09756292,26.90450114,19552449.0,526984669.49
2022-06-15,sh.603019,26.90450114,27.73112078,26.8651383,27.17020031,20791723.0,578949250.29
2022-06-16,sh.603019,27.30797025,28.08538634,27.17020031,27.2587667,15489929.0,433650975.86
2022-06-17,sh.603019,27.02258966,27.34733309,26.569917,27.19972244,14944381.0,411274190.43
2022-06-20,sh.603019,27.42605877,27.90825356,27.12099676,27.63271368,19150690.0,536441848.15
2022-06-21,sh.603019,27.33749238,27.60319155,26.84545688,27.27844812,15695073.0,434484486.85
2022-06-22,sh.603019,27.68191723,27.78032433,26.79625333,26.85529759,14476520.0,399748257.92
2022-06-23,sh.603019,27.1603596,27.22924457,26.4715099,27.10131534,18086768.0,493916473.07
2022-06-24,sh.603019,27.21940386,27.82952788,27.21940386,27.51462516,21209272.0,593478608.72
2022-06-27,sh.603019,27.553988,28.40028906,27.40637735,28.29204125,25056410.0,713631645.44
2022-06-28,sh.603019,28.15427131,28.538059,27.87873143,28.3412448,18765191.0,538763949.12
2022-06-29,sh.603019,28.1444306,28.61678468,27.93777569,27.96729782,19436513.0,558528634.91
2022-06-30,sh.603019,27.97713853,28.57742184,27.70159865,28.55774042,21922384.0,627168018.82
2022-07-01,sh.603019,28.7348732,29.10882018,27.91809427,27.99681995,21546870.0,622586223.13
2022-07-04,sh.603019,28.00666066,28.69551036,27.57366942,28.61678468,18858731.0,543846508.09
2022-07-05,sh.603019,28.48885545,28.68566965,27.15051889,27.51462516,28245436.0,797726897.69
2022-07-06,sh.603019,27.46542161,27.99681995,27.1603596,27.41621806,15246268.0,427818829.55
2022-07-07,sh.603019,27.27844812,27.60319155,27.27844812,27.41621806,8504863.0,237077178.05
2022-07-08,sh.603019,27.553988,27.57366942,27.21940386,27.28828883,9789747.0,272660593.62
2022-07-11,sh.603019,27.24892599,27.2587667,26.34358067,26.64864268,15903188.0,430665994.55
2022-07-12,sh.603019,26.71752765,26.72736836,25.95979298,25.95979298,13378051.0,357374668.71
2022-07-13,sh.603019,26.11724434,26.52071345,25.9794744,26.35342138,8989988.0,239993051.49
2022-07-14,sh.603019,26.3731028,26.88481972,26.18612931,26.57975771,9070658.0,245145746.15
2022-07-15,sh.603019,26.48135061,26.79625333,25.76297878,25.86138588,16507803.0,439115898.56
2022-07-18,sh.603019,25.85154517,26.40262493,25.84170446,26.32389925,10246053.0,272230625.44
2022-07-19,sh.603019,26.2746957,26.8651383,26.19597002,26.82577546,10862988.0,294277257.16
2022-07-20,sh.603019,26.83561617,27.43589948,26.72736836,27.40637735,15027148.0,413502164.44
2022-07-21,sh.603019,27.29812954,27.59335084,27.00290824,27.04227108,10437251.0,288965397.95
2022-07-22,sh.603019,26.9635454,27.20956315,26.23533286,26.52071345,12383439.0,335153684.58
2022-07-25,sh.603019,26.72736836,26.82577546,26.2746957,26.569917,6033343.0,162407492.03
2022-07-26,sh.603019,27.50478445,29.08913876,27.12099676,28.538059,44751463.0,1277328542.04
2022-07-27,sh.603019,28.538059,28.76439533,28.16411202,28.27235983,19528341.0,564568304.88
2022-07-28,sh.603019,28.37076693,29.51228929,28.37076693,29.20722728,30589213.0,906412756.14
2022-07-29,sh.603019,29.23674941,29.37451935,28.19363415,28.3412448,20648204.0,600724911.98
2022-08-01,sh.603019,28.48885545,29.21706799,27.81968717,28.91200598,21538730.0,628930159.23
2022-08-02,sh.603019,28.3412448,29.01041308,28.0460235,28.3412448,21808065.0,631843982.65
2022-08-03,sh.603019,28.74471391,30.14209473,28.538059,29.37451935,45665430.0,1364273925.01
2022-08-04,sh.603019,29.64021852,30.20113899,29.20722728,29.79766988,28509951.0,862181420.0
2022-08-05,sh.603019,30.03384692,32.7695643,30.03384692,32.474343,74577434.0,2405449797.0
2022-08-08,sh.603019,34.0488566,34.442485,32.79908643,32.89749353,69614437.0,2366826661.0
2022-08-09,sh.603019,33.11398915,33.24191838,31.51979413,32.16928099,43540154.0,1419299094.0
2022-08-10,sh.603019,32.04135176,33.6552282,31.96262608,32.82860856,40862011.0,1374087175.0
2022-08-11,sh.603019,33.7536353,34.0488566,32.11023673,32.22832525,42502824.0,1411622187.0
2022-08-12,sh.603019,32.56290939,32.61211294,29.05961663,29.39420077,90416406.0,2742358400.0
2022-08-15,sh.603019,29.01041308,29.07929805,28.39044835,28.49869616,41433273.0,1203741459.29
2022-08-16,sh.603019,28.51837758,28.64630681,28.01650137,28.17395273,33688879.0,967801959.26
2022-08-17,sh.603019,28.71519178,28.78407675,28.19363415,28.55774042,29506052.0,854474975.01
2022-08-18,sh.603019,28.3412448,28.65614752,28.0460235,28.55774042,23646891.0,680651176.6
2022-08-19,sh.603019,28.54789971,28.77423604,27.8492093,27.96729782,23848919.0,683909185.25
2022-08-22,sh.603019,27.7508022,28.08538634,27.50478445,27.80000575,17305350.0,489040827.21
2022-08-23,sh.603019,27.7508022,28.19363415,27.63271368,28.06570492,15198069.0,431792071.41
2022-08-24,sh.603019,27.87873143,27.97713853,26.9635454,26.97338611,25032620.0,695539370.07
2022-08-25,sh.603019,27.03243037,27.1603596,26.6683241,27.09147463,14335075.0,392431377.69
2022-08-26,sh.603019,27.11115605,27.21940386,26.05820008,26.22549215,24191852.0,653135612.67
2022-08-29,sh.603019,25.8810673,26.13692576,25.6842531,25.81218233,19817587.0,520943110.53
2022-08-30,sh.603019,25.82202304,26.01883724,25.69409381,25.96963369,12770742.0,335812358.59
2022-08-31,sh.603019,25.93027085,26.13692576,25.70393452,25.87122659,14401960.0,379360862.13
2022-09-01,sh.603019,26.569917,27.61303226,26.569917,26.79625333,43139521.0,1189198340.45
2022-09-02,sh.603019,26.56007629,27.03243037,26.25501428,26.50103203,22300786.0,603286844.82
2022-09-05,sh.603019,26.23533286,26.56007629,25.99915582,26.55023558,12758859.0,340233162.68
2022-09-06,sh.603019,26.06804079,26.06804079,24.65097855,24.8969963,53577906.0,1364714343.62
2022-09-07,sh.603019,24.7985892,25.05444766,24.75922636,25.01508482,16794545.0,425530097.81
2022-09-08,sh.603019,24.8969963,25.13317334,24.85763346,24.95604056,10973202.0,278966427.56
2022-09-09,sh.603019,24.98556269,25.25126186,24.92651843,25.01508482,12185531.0,311080812.02
2022-09-13,sh.603019,25.0938105,25.23158044,24.67065997,24.71002281,18234384.0,460999135.41
2022-09-14,sh.603019,24.3065537,24.76906707,24.12942092,24.7001821,15861129.0,394532684.91
2022-09-15,sh.603019,24.7001821,24.87731488,23.76531465,24.05069524,20346579.0,500613263.72
2022-09-16,sh.603019,24.0113324,25.7826602,23.93260672,24.83795204,48003650.0,1222896126.27
2022-09-19,sh.603019,24.8969963,25.53664245,24.47384577,24.7985892,21748722.0,551220934.0
2022-09-20,sh.603019,24.78874849,25.04460695,24.33607583,24.49352719,15220714.0,380037135.08
2022-09-21,sh.603019,24.35575725,24.36559796,23.5192969,23.97196956,19108132.0,463715240.91
2022-09-22,sh.603019,23.97196956,24.7001821,23.85388104,24.56241216,21458536.0,532552189.62
2022-09-23,sh.603019,24.36559796,24.64113784,23.69642968,23.92276601,14581981.0,357419348.36
2022-09-26,sh.603019,23.64722613,23.80467749,23.13550921,23.15519063,16689936.0,397569760.06
2022-09-27,sh.603019,23.2240756,23.98181027,23.2240756,23.94244743,15171132.0,364797445.41
2022-09-28,sh.603019,23.8145182,23.90308459,23.43073051,23.58818187,10187481.0,244693454.25
2022-09-29,sh.603019,23.79483678,24.08021737,23.31264199,23.57834116,11776931.0,283605811.72
2022-09-30,sh.603019,23.5192969,23.66690755,23.30280128,23.34216412,10032154.0,239522163.01
2022-10-10,sh.603019,23.31264199,23.31264199,21.00991585,21.00991585,37239620.0,808868474.98
2022-10-11,sh.603019,20.74421668,20.97055301,19.95695988,20.24234047,33158310.0,685366962.47
2022-10-12,sh.603019,20.24234047,21.29529644,19.99632272,21.21657076,26185819.0,547702549.1
2022-10-13,sh.603019,21.01975656,22.12191608,20.92134946,21.70860626,30095753.0,665715473.12
2022-10-14,sh.603019,21.90542046,22.19080105,21.649562,21.97430543,23865661.0,531347847.32
2022-10-17,sh.603019,22.10223466,22.72219939,22.05303111,22.49586306,23252627.0,530259873.26
2022-10-18,sh.603019,22.633633,22.71235868,22.3384117,22.47618164,16018803.0,366841083.83
2022-10-19,sh.603019,22.31873028,22.56474803,22.13175679,22.2400046,14006600.0,318230280.73
2022-10-20,sh.603019,22.0431904,23.48977477,22.00382756,23.1256685,33390146.0,776880670.97
2022-10-21,sh.603019,22.84028791,23.00757998,22.3384117,22.72219939,21012236.0,483734550.66
2022-10-24,sh.603019,22.85012862,23.29296057,22.58442945,22.7320401,22797409.0,532549465.04
2022-10-25,sh.603019,22.58442945,22.96821714,22.25968602,22.48602235,16165274.0,370700249.32
2022-10-26,sh.603019,22.46634093,23.70627039,22.39745596,23.36184554,27168580.0,640742297.46
2022-10-27,sh.603019,23.36184554,24.26719086,23.20439418,23.57834116,30988491.0,748173962.22
2022-10-28,sh.603019,23.38152696,23.99165098,22.94853572,23.17487205,23844132.0,569180670.07
2022-10-31,sh.603019,23.30280128,24.49352719,23.30280128,24.49352719,43083450.0,1055451948.42
2022-11-01,sh.603019,24.5033679,24.54273074,23.88340317,24.5033679,35381887.0,870844537.36
2022-11-02,sh.603019,24.42464222,24.86747417,24.27703157,24.48368648,30027018.0,748018674.87
2022-11-03,sh.603019,24.3065537,24.47384577,23.75547394,24.12942092,25754311.0,630474586.46
2022-11-04,sh.603019,23.99165098,24.48368648,23.93260672,24.34591654,23031058.0,567683304.91
2022-11-07,sh.603019,24.34591654,24.85763346,24.16878376,24.29671299,21860620.0,542266277.77
2022-11-08,sh.603019,24.16878376,24.7001821,24.02117311,24.601775,22622596.0,561320273.95
2022-11-09,sh.603019,24.69034139,24.69034139,23.97196956,23.97196956,19805296.0,487574924.6
2022-11-10,sh.603019,23.80467749,24.17862447,23.7161111,23.82435891,14485014.0,352019130.34
2022-11-11,sh.603019,24.3065537,24.47384577,23.64722613,23.80467749,23674332.0,578893516.86
2022-11-14,sh.603019,23.8145182,24.16878376,23.64722613,23.93260672,15497926.0,376608205.59
2022-11-15,sh.603019,23.73579252,24.37543867,23.73579252,24.35575725,23905360.0,588980915.68
2022-11-16,sh.603019,24.41480151,24.56241216,24.05069524,24.14910234,17946222.0,442330669.83
2022-11-17,sh.603019,24.25735015,25.14301405,24.06053595,25.0938105,45190881.0,1133483211.85
2022-11-18,sh.603019,25.15285476,25.87122659,24.601775,24.80842991,54912121.0,1411060660.42
2022-11-21,sh.603019,24.4049608,24.78874849,24.17862447,24.62145642,23508021.0,583515086.52
2022-11-22,sh.603019,24.5033679,25.10365121,24.31639441,24.53289003,24322470.0,610678085.24
2022-11-23,sh.603019,24.4049608,25.1922176,24.15894305,24.66081926,27925947.0,700096505.84
2022-11-24,sh.603019,24.5033679,24.7001821,22.71235868,22.91901359,58606211.0,1398560252.82
2022-11-25,sh.603019,22.78124365,23.11582779,22.7320401,22.86981004,18686885.0,435387236.43
2022-11-28,sh.603019,22.4368188,23.01742069,22.34825241,22.78124365,12800617.0,296430110.28
2022-11-29,sh.603019,22.78124365,23.25359773,22.7320401,23.07646495,14522299.0,339856946.37
2022-11-30,sh.603019,23.07646495,23.3224827,22.99773927,23.10598708,11372284.0,267356594.32
2022-12-01,sh.603019,23.3224827,23.62754471,23.20439418,23.56850045,21453702.0,511807841.13
2022-12-02,sh.603019,23.49961548,23.89324388,23.4208898,23.50945619,12931959.0,310606053.42
2022-12-05,sh.603019,23.70627039,23.88340317,23.4208898,23.84404033,15410983.0,371268187.23
2022-12-06,sh.603019,23.83419962,24.09989879,23.617704,23.84404033,13849804.0,335813082.62
2022-12-07,sh.603019,23.90308459,23.90308459,23.47009335,23.63738542,12884771.0,309670590.29
2022-12-08,sh.603019,23.53897832,23.62754471,23.3224827,23.34216412,10613335.0,252764282.32
2022-12-09,sh.603019,23.3224827,23.37168625,23.04694282,23.1256685,12188580.0,286927470.32
2022-12-12,sh.603019,23.0272614,23.4208898,23.0272614,23.25359773,11070137.0,261536581.3
2022-12-13,sh.603019,23.26343844,23.37168625,22.50570377,22.72219939,14874814.0,345354570.21
2022-12-14,sh.603019,22.87965075,23.04694282,22.76156223,22.85996933,10894104.0,253534560.94
2022-12-15,sh.603019,22.77140294,23.16503134,22.64347371,22.95837643,9330438.0,217825086.66
2022-12-16,sh.603019,22.80092507,22.80092507,22.2400046,22.35809312,14947806.0,340594660.32
2022-12-19,sh.603019,22.35809312,22.55490732,21.99398685,22.16127892,10943600.0,247289723.48
2022-12-20,sh.603019,22.22032318,22.38761525,21.71844697,21.82669478,10087539.0,225385559.83
2022-12-21,sh.603019,21.83653549,21.92510188,21.48226993,21.65940271,8602500.0,189727978.71
2022-12-22,sh.603019,21.8463762,21.88573904,21.43306638,21.58067703,7955032.0,175466970.35
2022-12-23,sh.603019,21.5511549,21.649562,21.32481857,21.53147348,10147127.0,221497340.37
2022-12-26,sh.603019,21.54131419,21.92510188,21.53147348,21.7479691,11040126.0,244193929.06
2022-12-27,sh.603019,21.82669478,21.91526117,21.57083632,21.90542046,9208854.0,203602764.17
2022-12-28,sh.603019,21.79717265,21.79717265,21.47242922,21.51179206,9340280.0,205187122.32
2022-12-29,sh.603019,21.39370354,21.79717265,21.37402212,21.54131419,9510685.0,208931450.53
2022-12-30,sh.603019,21.69876555,21.86605762,21.60035845,21.78733194,8063609.0,178341831.73
2023-01-03,sh.603019,21.78733194,22.50570377,21.63972129,22.44665951,20699427.0,467892659.03
2023-01-04,sh.603019,22.45650022,22.65331442,22.39745596,22.59427016,15147631.0,346768271.76
2023-01-05,sh.603019,22.5352259,22.76156223,22.42697809,22.72219939,11703515.0,269203133.12
2023-01-06,sh.603019,22.66315513,22.78124365,22.54506661,22.633633,11313095.0,260309996.18
2023-01-09,sh.603019,22.80092507,22.81076578,22.48602235,22.58442945,9447257.0,217395348.34
2023-01-10,sh.603019,22.633633,22.7320401,22.46634093,22.48602235,8832934.0,202654710.69
2023-01-11,sh.603019,22.52538519,22.67299584,22.20064176,22.21048247,10900621.0,248387746.53
2023-01-12,sh.603019,22.31873028,22.41713738,22.09239395,22.26952673,10703261.0,242186937.17
2023-01-13,sh.603019,22.31873028,22.36793383,22.15143821,22.3384117,6869931.0,155324198.95
2023-01-16,sh.603019,22.32857099,23.06662424,22.32857099,22.96821714,20305127.0,471203293.21
2023-01-17,sh.603019,22.9288543,23.06662424,22.69267726,22.80092507,11608642.0,269439496.95
2023-01-18,sh.603019,22.8304472,23.08630566,22.75172152,23.01742069,10843327.0,253397093.86
2023-01-19,sh.603019,22.9288543,23.56850045,22.90917288,23.5192969,17905800.0,425047794.66
2023-01-20,sh.603019,23.37168625,24.2081466,23.33232341,23.80467749,23173152.0,560445986.85
2023-01-30,sh.603019,24.42464222,24.43448293,23.78499607,23.94244743,26713261.0,653076403.52
2023-01-31,sh.603019,23.84404033,24.14910234,23.67674826,23.72595181,21475374.0,520941044.14
2023-02-01,sh.603019,23.73579252,24.3065537,23.73579252,24.3065537,22661404.0,554242882.75
2023-02-02,sh.603019,24.41480151,24.81827062,24.28687228,24.45416435,31832922.0,794320017.15
2023-02-03,sh.603019,24.48368648,24.71986352,24.1097395,24.7001821,26772137.0,664834711.12
2023-02-06,sh.603019,24.59193429,25.35950967,24.5033679,25.02492553,37608380.0,954390149.08
2023-02-07,sh.603019,25.1922176,25.94011156,24.74938565,25.67441239,48198794.0,1248486927.82
2023-02-08,sh.603019,25.83186375,26.09756292,24.98556269,24.98556269,42653792.0,1102239570.9
2023-02-09,sh.603019,24.71002281,27.43589948,24.68050068,26.75689049,86862076.0,2314265664.74
2023-02-10,sh.603019,26.569917,26.94386398,25.99915582,26.22549215,58867308.0,1585720900.43
2023-02-13,sh.603019,26.28453641,27.89841285,26.28453641,27.3571738,78905606.0,2180601192.1
2023-02-14,sh.603019,28.41997048,30.0141655,28.20347486,28.62662539,115109544.0,3386276285.76
2023-02-15,sh.603019,29.11866089,31.36234277,28.52821829,31.12616573,147404501.0,4507936001.48
2023-02-16,sh.603019,30.31922751,30.94903295,28.6364661,29.09897947,149273342.0,4526009917.56
2023-02-17,sh.603019,29.09897947,29.27611225,27.33749238,27.37685522,92911402.0,2641300892.88
2023-02-20,sh.603019,27.43589948,29.7189442,27.21940386,29.48276716,96714831.0,2796813151.0
2023-02-21,sh.603019,29.1285016,30.27002396,28.86280243,29.11866089,87024879.0,2610107530.89
2023-02-22,sh.603019,28.99073166,30.39795319,28.46917403,29.86655485,80896664.0,2424106444.21
2023-02-23,sh.603019,29.6205371,29.78782917,28.54789971,28.62662539,61037883.0,1805661634.49
2023-02-24,sh.603019,29.68942207,31.490272,29.53197071,31.06712147,172736071.0,5395720121.11
2023-02-27,sh.603019,31.03759934,31.80517472,30.58492668,30.90967011,119061144.0,3774124750.21
2023-02-28,sh.603019,31.80517472,32.09055531,30.69317449,31.81501543,121181494.0,3881497653.59
2023-03-01,sh.603019,31.50011271,34.81643198,31.37218348,33.78315743,157163720.0,5318512769.39
2023-03-02,sh.603019,33.63554678,34.442485,33.28128122,33.63554678,99181563.0,3407858242.42
2023-03-03,sh.603019,32.32673235,33.0647856,30.88014798,32.474343,176729437.0,5759481939.94
2023-03-06,sh.603019,32.474343,34.00949376,32.474343,33.25175909,120588277.0,4091528208.88
2023-03-07,sh.603019,33.25175909,33.29112193,31.57883839,31.91342253,88985272.0,2919351115.19
2023-03-08,sh.603019,31.87405969,32.49402442,31.24425425,32.474343,76970008.0,2492257164.58
2023-03-09,sh.603019,32.43498016,33.80283885,31.91342253,33.0647856,91040193.0,3036069361.35
2023-03-10,sh.603019,32.49402442,32.9663785,31.70676762,31.71660833,70871029.0,2327503363.29
2023-03-13,sh.603019,31.50011271,33.59618394,31.50011271,33.28128122,90821986.0,3026274592.37
2023-03-14,sh.603019,32.97621921,33.15335199,31.59851981,32.29721022,84274840.0,2775550113.94
2023-03-15,sh.603019,32.82860856,32.9663785,31.76581188,31.8839004,46763005.0,1530028999.82
2023-03-16,sh.603019,31.67724549,31.97246679,30.53572313,30.61444881,81179789.0,2568716480.24
2023-03-17,sh.603019,31.14584715,33.0647856,30.8998294,32.63179436,108446501.0,3546654796.71
2023-03-20,sh.603019,32.6711572,35.27894535,32.6711572,33.2615998,124310090.0,4278769765.89
2023-03-21,sh.603019,33.7536353,34.7377063,32.89749353,34.11774157,85066248.0,2926241172.29
2023-03-22,sh.603019,33.8520424,37.07979528,33.61586536,36.74521114,144878440.0,5300595191.69
2023-03-23,sh.603019,36.410627,38.49685752,36.3122199,37.57183078,141378584.0,5366988604.56
2023-03-24,sh.603019,37.07979528,39.45140639,36.75505185,38.8708045,126820985.0,4887626857.1
2023-03-27,sh.603019,38.4771761,38.9692116,37.0994767,37.7883264,117405854.0,4524469385.33
2023-03-28,sh.603019,37.5915122,38.24099906,36.26301635,36.6074412,87012960.0,3279374555.24
2023-03-29,sh.603019,36.46967126,40.26818532,36.0169986,39.37268071,198234457.0,7832695635.01
2023-03-30,sh.603019,38.92000805,39.51045065,37.07979528,37.51278652,142467523.0,5533719949.29
2023-03-31,sh.603019,37.1978838,38.35908758,36.20397209,37.71944143,94152220.0,3584621436.39
2023-04-03,sh.603019,38.0835477,41.01607928,38.0835477,40.79958366,148128142.0,5981478528.94
2023-04-04,sh.603019,40.78974295,42.47250436,39.83519408,40.50436236,121506811.0,5097247554.39
2023-04-06,sh.603019,39.36284,41.34082271,39.32347716,40.03200828,105625154.0,4319301202.33
2023-04-07,sh.603019,39.77614982,40.0516897,38.90032663,39.44156568,69568033.0,2790883568.49
2023-04-10,sh.603019,39.2644329,40.6421323,37.20772451,37.94577776,103682116.0,4066756591.3
2023-04-11,sh.603019,37.94577776,40.36659242,37.08963599,40.36659242,111305824.0,4371590312.84
2023-04-12,sh.603019,40.92751289,43.62386743,40.67165443,42.16744235,149883904.0,6454812166.85
2023-04-13,sh.603019,41.69508827,42.37409726,38.2803619,38.92984876,115843651.0,4729067797.16
2023-04-14,sh.603019,39.52029136,42.10839809,38.17211409,40.86846863,99253209.0,4037991358.6
2023-04-17,sh.603019,40.63229159,43.5943453,39.94344189,42.85629205,117618217.0,5052554181.8
2023-04-18,sh.603019,43.19087619,47.14684161,42.0198317,47.11731948,185910598.0,8579806947.61
2023-04-19,sh.603019,46.95002741,51.83101957,46.95002741,48.94769154,259933997.0,13133030227.16
2023-04-20,sh.603019,50.3844352,53.83852441,49.42004562,53.83852441,185357218.0,9742871846.51
2023-04-21,sh.603019,53.139834,54.123905,51.22089555,52.68716134,178462414.0,9570960629.27
2023-04-24,sh.603019,51.31930265,54.66514405,50.2860281,53.12999329,152327510.0,8130041410.57
2023-04-25,sh.603019,52.75604631,58.44397669,51.77197531,58.44397669,178692252.0,10175676286.96
2023-04-26,sh.603019,56.9777109,57.54847208,52.59859495,52.59859495,185132774.0,10308148944.39
2023-04-27,sh.603019,50.187621,51.6637275,47.34365581,47.34365581,212393075.0,10547578998.42
2023-04-28,sh.603019,47.235408,50.26634668,47.20588587,49.8923997,156777962.0,7816419371.46
2023-05-04,sh.603019,49.19370929,51.31930265,48.92801012,49.94160325,116815593.0,5934901126.9
2023-05-05,sh.603019,49.4003642,50.07937319,46.82209818,47.63887711,117659604.0,5776639700.36
2023-05-08,sh.603019,48.15059403,50.6796565,46.92050528,49.74478905,104050752.0,5214895751.0
2023-05-09,sh.603019,49.20355,54.123905,49.03625793,52.13608158,136383496.0,7194327920.55
2023-05-10,sh.603019,51.54563898,52.56907282,48.11123119,49.3019571,114589280.0,5812911518.25
2023-05-11,sh.603019,48.7115145,49.17402787,45.20822174,45.61169085,131066399.0,6228134802.68
2023-05-12,sh.603019,45.73962008,46.50719546,44.78507121,44.93268186,80397825.0,3721669320.07
2023-05-15,sh.603019,45.08029251,45.3656731,43.13183193,45.25742529,86320029.0,3889363101.11
2023-05-16,sh.603019,44.86379689,45.24758458,43.38769039,43.4959382,67420052.0,3036365744.72
2023-05-17,sh.603019,43.48609749,45.91675286,43.46641607,44.70634553,83774738.0,3822385627.59
2023-05-18,sh.603019,44.9720447,48.36708965,44.95236328,47.56999214,118719716.0,5693905757.92
2023-05-19,sh.603019,47.61919569,49.18386858,46.17261132,46.3497441,83140447.0,4023706891.02
2023-05-22,sh.603019,45.6608944,47.39285936,44.61777914,45.41487665,61187504.0,2850569041.07
2023-05-23,sh.603019,45.02124825,45.41487665,43.91908873,44.10606222,50960717.0,2304677277.83
2023-05-24,sh.603019,44.16510648,45.1688589,43.18103548,44.00765512,62089886.0,2783888255.89
2023-05-25,sh.603019,45.88723073,47.1370009,44.1847879,46.4481512,100384558.0,4671140144.21
2023-05-26,sh.603019,46.06436351,50.06953248,45.7593015,49.34131994,126282822.0,6202605151.05
2023-05-29,sh.603019,49.81367402,51.171692,49.16418716,49.29211639,100124619.0,5100102939.89
2023-05-30,sh.603019,48.43597462,53.38585175,48.43597462,53.17919684,123991439.0,6485832503.36
2023-05-31,sh.603019,52.80524986,53.12999329,51.6637275,52.6477985,82892080.0,4416677955.88
2023-06-01,sh.603019,51.6637275,54.3207192,51.49643543,51.85070099,97496377.0,5239395848.88
2023-06-02,sh.603019,52.2541701,52.6477985,49.96128467,49.97112538,88714790.0,4566508566.32
2023-06-05,sh.603019,49.98096609,51.41770975,49.81367402,50.93551496,60652496.0,3128486171.1
2023-06-06,sh.603019,51.81133815,52.3525772,48.70167379,49.20355,83036770.0,4269870878.36
2023-06-07,sh.603019,48.86896586,49.9908068,48.14075332,49.01657651,63564199.0,3158035919.73
2023-06-08,sh.603019,48.47533746,49.75462976,47.31413368,49.02641722,70877471.0,3486435833.51
2023-06-09,sh.603019,48.8287384,51.87312128,47.939146,51.43820944,98489791.0,5006407200.47
2023-06-12,sh.603019,50.99341324,52.80225112,50.42012036,50.6079232,71692662.0,3725675379.68
2023-06-13,sh.603019,50.27185496,54.3145582,49.30318768,53.15808808,129548256.0,6848956553.99
2023-06-14,sh.603019,52.7824824,56.01466812,51.11202556,54.76923876,147050413.0,7948361360.01
2023-06-15,sh.603019,54.36398,55.1547288,53.19762552,53.28658476,78562638.0,4285438297.08
2023-06-16,sh.603019,52.9801696,55.83674964,52.21907388,55.13496008,116395230.0,6374163213.15
2023-06-19,sh.603019,55.7477904,60.4922832,54.858198,60.41320832,143160375.0,8428566465.67
2023-06-20,sh.603019,58.80205764,60.00794956,56.47923304,58.98986048,136954498.0,8097998333.87
2023-06-21,sh.603019,57.5269752,57.70489368,53.99825868,54.02791176,114054982.0,6408414300.77
2023-06-26,sh.603019,52.387108,53.63253736,48.62116684,48.62116684,112501415.0,5779052434.09
2023-06-27,sh.603019,48.56186068,49.24388152,47.1483972,48.66070428,79057609.0,3866153279.84
2023-06-28,sh.603019,48.7793166,48.90781328,44.7761508,47.2472408,101745505.0,4810706158.25
2023-06-29,sh.603019,47.58330904,49.2241128,46.6541792,49.16480664,79195898.0,3850207801.6
2023-06-30,sh.603019,48.6310512,51.03295068,48.186255,50.3113924,67550653.0,3404805095.23
2023-07-03,sh.603019,49.85671184,50.40035164,47.939146,49.55029668,58985039.0,2933636539.01
2023-07-04,sh.603019,48.927582,50.163127,48.927582,49.5206436,39609038.0,1987855096.96
2023-07-05,sh.603019,49.38226256,49.62937156,47.4943498,47.50423416,56143972.0,2747151393.1
2023-07-06,sh.603019,46.97047872,49.3229564,46.91117256,48.186255,49963929.0,2448838470.38
2023-07-07,sh.603019,47.8897242,48.07752704,45.68551192,46.23903608,56961220.0,2676200251.22
2023-07-10,sh.603019,46.23903608,46.69371664,45.87331476,46.3082266,29540316.0,1383475426.26
2023-07-11,sh.603019,46.2588048,49.21422844,46.2588048,48.10718012,61531017.0,2988997077.13
2023-07-12,sh.603019,47.42515928,48.19613936,44.2819328,44.61800104,89915848.0,4171334257.7
2023-07-13,sh.603019,44.64765412,45.92273656,44.31158588,45.18140956,56228475.0,2562032760.74
2023-07-14,sh.603019,45.73493372,48.927582,45.59655268,48.1368332,99393819.0,4781810066.54
2023-07-17,sh.603019,48.12694884,50.410236,47.68215264,48.927582,85457260.0,4228997752.02
2023-07-18,sh.603019,48.927582,49.79740568,47.90949292,47.91937728,57376431.0,2830773844.83
2023-07-19,sh.603019,48.1368332,48.85839148,46.6541792,47.43504364,41679896.0,2001545787.52
2023-07-20,sh.603019,47.3460844,47.4943498,44.58834796,44.726729,61692134.0,2848735612.04
2023-07-21,sh.603019,44.5290418,44.973838,43.10569396,43.60979632,52265191.0,2326865592.09
2023-07-24,sh.603019,44.27204844,47.197819,44.1830892,45.60643704,76015160.0,3517514286.78
2023-07-25,sh.603019,46.456492,46.6541792,45.03314416,45.64597448,56981622.0,2646894102.6
2023-07-26,sh.603019,45.64597448,45.64597448,44.1830892,44.64765412,35162725.0,1589862261.13
2023-07-27,sh.603019,44.4301982,45.1715252,43.985402,44.232511,30608145.0,1379048527.71
2023-07-28,sh.603019,43.9359802,44.973838,43.41210912,44.6278854,45250162.0,2022542345.33
2023-07-31,sh.603019,43.985402,45.2703688,43.3923404,44.3807764,49851895.0,2239986646.85
2023-08-01,sh.603019,44.0348238,45.64597448,43.66910248,45.11221904,52088922.0,2353321000.69
2023-08-02,sh.603019,44.51915744,45.09245032,44.14355176,44.47962,30227210.0,1361383725.79
2023-08-03,sh.603019,44.0842456,45.468056,43.985402,44.73661336,37774299.0,1714925252.44
2023-08-04,sh.603019,44.46973564,46.456492,44.31158588,46.10065504,62882444.0,2904748694.92
2023-08-07,sh.603019,46.456492,47.12862848,45.3692124,45.49770908,59136073.0,2759383345.05
2023-08-08,sh.603019,45.25060008,45.7645868,44.55869488,44.6278854,33676860.0,1535481296.07
2023-08-09,sh.603019,44.47962,44.95406928,41.7119992,41.94922384,80900569.0,3513545595.95
2023-08-10,sh.603019,41.6131556,42.3050608,41.02997836,41.7119992,43803473.0,1845354613.32
2023-08-11,sh.603019,41.88991768,42.08760488,40.02177364,40.17003904,47961554.0,1978956588.65
2023-08-14,sh.603019,39.51767128,41.32650916,39.3891746,41.3166248,42627159.0,1750264690.22
2023-08-15,sh.603019,41.65269304,41.88003332,40.2293452,40.69391012,35886678.0,1491795786.58
2023-08-16,sh.603019,40.33807316,40.69391012,39.39905896,39.52755564,34164539.0,1377248820.25
2023-08-17,sh.603019,39.41882768,40.9212504,39.043222,40.34795752,32631056.0,1325421040.19
2023-08-18,sh.603019,40.31830444,40.38749496,38.82576608,38.82576608,29525994.0,1179870875.81
2023-08-21,sh.603019,39.02345328,39.8339708,38.7466912,38.8949566,26859038.0,1069210748.25
2023-08-22,sh.603019,39.66593668,40.4270324,38.65773196,40.3776106,47656652.0,1908881281.37
2023-08-23,sh.603019,39.784549,39.87350824,38.58854144,38.72692248,39299458.0,1551775300.6
2023-08-24,sh.603019,39.42871204,39.89327696,38.90484096,39.13218124,43329466.0,1728116043.7
2023-08-25,sh.603019,38.549004,38.549004,36.35467608,36.69074432,68762188.0,2586230058.24
2023-08-28,sh.603019,39.59674616,39.60663052,37.47160876,37.71871776,59771679.0,2320626319.21
2023-08-29,sh.603019,37.71871776,39.3891746,37.33322772,38.8949566,52591173.0,2051873369.01
2023-08-30,sh.603019,38.92460968,40.3776106,38.75657556,39.91304568,58878489.0,2365838607.76
2023-08-31,sh.603019,39.53744,41.25731864,39.36940588,40.21946084,58939396.0,2408861952.77
2023-09-01,sh.603019,40.00200492,40.44680112,39.46824948,39.8339708,34219910.0,1382813124.75
2023-09-04,sh.603019,40.12061724,41.37593096,39.72524284,41.3660466,53103032.0,2179254099.76
2023-09-05,sh.603019,41.10905324,41.10905324,39.784549,39.87350824,45200615.0,1847779689.2
2023-09-06,sh.603019,39.54732436,40.3776106,39.1420656,40.14038596,29975407.0,1207859143.1
2023-09-07,sh.603019,40.00200492,40.00200492,38.97403148,38.97403148,27759581.0,1106181889.37
2023-09-08,sh.603019,38.91472532,39.290331,38.1536296,38.1536296,32223639.0,1256902393.34
2023-09-11,sh.603019,38.1536296,41.29685608,38.04490164,39.87350824,63343413.0,2536365955.85
2023-09-12,sh.603019,39.87350824,40.525876,39.6857054,39.9328144,40232997.0,1634575779.34
2023-09-13,sh.603019,39.53744,39.54732436,38.16351396,38.63796324,40221077.0,1574001906.77
2023-09-14,sh.603019,38.46004476,38.8949566,37.72860212,37.94605804,26032859.0,1007358227.04
2023-09-15,sh.603019,37.98559548,38.301895,37.39253388,37.57045236,24085362.0,920757196.97
2023-09-18,sh.603019,37.3628808,37.89663624,36.75993484,36.9675064,25565635.0,964970565.14
2023-09-19,sh.603019,36.99715948,37.1157718,36.25583248,36.35467608,23895699.0,884155766.82
2023-09-20,sh.603019,36.6215538,37.313459,36.45351968,36.4732884,29508276.0,1101910597.12
2023-09-21,sh.603019,36.08779836,37.560568,35.9790704,36.78958792,32503956.0,1216203219.81
2023-09-22,sh.603019,36.64132252,38.7466912,36.64132252,38.67750068,65503411.0,2528081673.49
2023-09-25,sh.603019,38.6478476,38.8949566,38.0053642,38.34143244,35217666.0,1370978060.94
2023-09-26,sh.603019,38.17339832,39.65605232,38.16351396,38.8455348,41946698.0,1655704028.6
2023-09-27,sh.603019,38.3513168,38.75657556,38.02513292,38.07455472,38989549.0,1510014853.46
2023-09-28,sh.603019,38.16351396,38.44027604,37.69894904,38.09432344,33151037.0,1275915245.51
2023-10-09,sh.603019,37.8570988,38.38096988,37.313459,38.1536296,25771950.0,988102802.49
2023-10-10,sh.603019,38.4007386,38.52923528,37.76813956,37.9065206,24403677.0,939162993.64
2023-10-11,sh.603019,38.03501728,39.94269876,37.66929596,38.92460968,58293412.0,2300303885.56
2023-10-12,sh.603019,39.043222,39.28044664,38.16351396,38.6478476,31838813.0,1243356717.52
2023-10-13,sh.603019,38.23270448,38.24258884,36.71051304,36.97739076,45531718.0,1716922196.12
2023-10-16,sh.603019,36.93785332,37.00704384,36.01860784,36.2756012,26898428.0,992091989.63
2023-10-17,sh.603019,36.45351968,36.4732884,35.36624008,35.95930168,26362929.0,956661076.95
2023-10-18,sh.603019,36.572132,37.34311208,34.26907612,36.14710452,59286154.0,2156657542.61
2023-10-19,sh.603019,35.6331178,38.86530352,35.583696,36.98727512,72763473.0,2762590148.68
2023-10-20,sh.603019,36.56224764,37.1651936,35.56392728,35.64300216,39526321.0,1447845628.87
2023-10-23,sh.603019,35.17737783,35.72222598,33.84002328,34.11740052,36643288.0,1276758221.72
2023-10-24,sh.603019,34.29571446,35.00897022,33.84002328,34.25608914,32374281.0,1120531239.7
2023-10-25,sh.603019,34.73159298,35.82128928,34.62262335,35.03868921,40663027.0,1446598990.22
2023-10-26,sh.603019,34.4740284,35.22690948,34.28580813,35.0684082,31733124.0,1114307828.36
2023-10-27,sh.603019,34.98915756,36.53454504,34.30562079,35.73213231,43980781.0,1567467363.93
2023-10-30,sh.603019,35.662788,37.1487375,35.54391204,37.1487375,47512131.0,1749005538.95
2023-10-31,sh.603019,37.0496742,37.05958053,36.04913487,36.36613743,35836089.0,1317726054.64
2023-11-01,sh.603019,36.2571678,37.644054,36.2571678,36.82182861,47778611.0,1784925378.65
2023-11-02,sh.603019,36.9506109,37.45583373,36.22744881,36.33641844,29170201.0,1082449950.15
2023-11-03,sh.603019,36.2571678,37.09920585,36.18782349,36.91098558,30368246.0,1127283511.22
2023-11-06,sh.603019,37.43602107,38.56534269,37.01995521,38.42665407,50841592.0,1948641646.15
2023-11-07,sh.603019,38.20871481,39.89279091,38.11955784,39.71447697,63339200.0,2510555068.76
2023-11-08,sh.603019,39.67485165,41.26977078,39.63522633,40.03147953,76705077.0,3123971261.23
2023-11-09,sh.603019,39.87297825,41.05183152,39.81354027,40.5168897,61815824.0,2532846099.95
2023-11-10,sh.603019,39.87297825,40.2196998,39.11019084,39.11019084,48422391.0,1931453758.96
2023-11-13,sh.603019,39.24887946,40.29895044,39.2290668,39.7243833,38318531.0,1537765927.21
2023-11-14,sh.603019,39.77391495,40.32866943,39.3281301,39.98194788,35125974.0,1411300127.37
2023-11-15,sh.603019,40.97258088,41.0122062,40.0215732,40.0215732,34698277.0,1415815742.52
2023-11-16,sh.603019,39.66494532,40.28904411,39.37766175,39.37766175,24701650.0,992912299.11
2023-11-17,sh.603019,39.2290668,40.11073017,39.1300035,39.76400862,26092548.0,1044046813.26
2023-11-20,sh.603019,39.8234466,41.10136317,38.98140855,40.72492263,52726697.0,2146459785.1
2023-11-21,sh.603019,40.55651502,40.78436061,39.50644404,39.58569468,33313220.0,1350198258.63
2023-11-22,sh.603019,39.56588202,39.86307192,38.99131488,38.99131488,25977147.0,1033520221.28
2023-11-23,sh.603019,38.9318769,39.5262567,38.24834013,39.36775542,31023965.0,1215994616.59
2023-11-24,sh.603019,39.29841111,39.29841111,37.57470969,37.644054,37415636.0,1438843642.37
2023-11-27,sh.603019,37.30723878,37.90161858,37.27751979,37.50536538,22213528.0,843346540.0
2023-11-28,sh.603019,37.62424134,38.18890215,37.39639575,37.76292996,22157526.0,844960553.37
2023-11-29,sh.603019,37.65396033,38.01058821,37.31714511,37.33695777,20898660.0,792731319.95
2023-11-30,sh.603019,37.1487375,37.38648942,36.3562311,36.70295265,28974964.0,1075763443.92
2023-12-01,sh.603019,36.61379568,38.1393705,36.53454504,37.77283629,33616439.0,1267749290.04
2023-12-04,sh.603019,37.88180592,40.7150163,37.87189959,39.5262567,71835524.0,2874239662.09
2023-12-05,sh.603019,39.25878579,39.47672505,37.99077555,38.03040087,42876714.0,1667101780.27
2023-12-06,sh.603019,37.72330464,38.72384397,37.3468641,38.60496801,35446281.0,1366531670.2
2023-12-07,sh.603019,38.34740343,39.11019084,38.17899582,38.81300094,36922859.0,1440942938.09
2023-12-08,sh.603019,38.71393764,41.24995812,38.65449966,40.82398593,92387997.0,3767155546.54
2023-12-11,sh.603019,40.46735805,40.95276822,40.23951246,40.77445428,47718617.0,1953823527.69
2023-12-12,sh.603019,40.8140796,42.597219,40.72492263,41.19052014,67294664.0,2823210074.22
2023-12-13,sh.603019,41.1112695,41.29948977,40.01166687,40.06119852,41043054.0,1678401269.5
2023-12-14,sh.603019,40.19988714,40.77445428,39.50644404,39.77391495,32391387.0,1313401474.91
2023-12-15,sh.603019,39.77391495,40.04138586,38.75356296,38.76346929,31073212.0,1228279928.47
2023-12-18,sh.603019,38.634687,39.69466431,38.51581104,39.01112754,25621118.0,1012067380.22
2023-12-19,sh.603019,38.85262626,39.53616303,38.634687,39.4271934,24574337.0,971182592.08
2023-12-20,sh.603019,39.55597569,39.55597569,38.00068188,38.00068188,31172538.0,1211026995.82
2023-12-21,sh.603019,37.36667676,39.5262567,37.30723878,39.08047185,34914963.0,1359244297.47
2023-12-22,sh.603019,38.90215791,39.77391495,38.3374971,38.64459333,34278617.0,1349991767.72
2023-12-25,sh.603019,38.64459333,39.08047185,36.9506109,37.99077555,30045980.0,1149223420.95
2023-12-26,sh.603019,37.97096289,37.97096289,36.52463871,36.92089191,26783181.0,999947103.15
2023-12-27,sh.603019,36.99023622,37.77283629,36.99023622,37.38648942,20746239.0,784784134.8
2023-12-28,sh.603019,37.18836282,38.634687,36.92089191,38.52571737,30157929.0,1157465729.02
2023-12-29,sh.603019,38.39693508,39.76400862,38.34740343,39.12009717,31387999.0,1241078349.0
2024-01-02,sh.603019,39.02103387,39.70457064,38.72384397,38.74365663,24638517.0,976267661.32
2024-01-03,sh.603019,38.7337503,38.99131488,37.5449907,38.06011986,26473851.0,1018776550.05
2024-01-04,sh.603019,37.8421806,38.59506168,37.5449907,38.57524902,22643788.0,870693520.9
2024-01-05,sh.603019,38.31768444,38.38702875,36.653421,36.88126659,34291845.0,1293427514.88
2024-01-08,sh.603019,36.653421,36.653421,35.4646614,35.4646614,25498965.0,924995228.41
2024-01-09,sh.603019,35.662788,36.12838551,34.4740284,35.05850187,26624810.0,949671656.73
2024-01-10,sh.603019,34.95943857,34.9693449,33.94899291,33.9787119,21530503.0,746772909.52
2024-01-11,sh.603019,33.94899291,35.09812719,33.93908658,35.00897022,26992058.0,942704609.66
2024-01-12,sh.603019,34.69196766,34.88018793,33.93908658,33.95889924,22282388.0,772497734.37
2024-01-15,sh.603019,33.65180301,33.79049163,32.22529149,32.31444846,50097633.0,1653039939.6
2024-01-16,sh.603019,32.1955725,32.43332442,31.33372179,31.82903829,43547573.0,1396600511.68
2024-01-17,sh.603019,31.7993193,32.37388644,31.5021294,31.53184839,28148980.0,910508425.78
2024-01-18,sh.603019,31.1058762,32.60173203,30.88793694,32.58191937,45873547.0,1470838844.41
2024-01-19,sh.603019,32.37388644,32.8890156,32.1955725,32.20547883,30794679.0,1011203521.73
2024-01-22,sh.603019,32.60173203,32.9880789,31.26437748,31.700256,35033960.0,1142252752.75
2024-01-23,sh.603019,31.4030661,33.36451944,31.4030661,33.0871422,47528685.0,1567249260.46
2024-01-24,sh.603019,33.12676752,33.41405109,32.05688388,33.32489412,39867443.0,1321196404.1
2024-01-25,sh.603019,33.29517513,34.86037527,32.89892193,34.66224867,53711473.0,1853955591.54
2024-01-26,sh.603019,34.55327904,34.64243601,33.56264604,33.67161567,36972729.0,1274172965.23
2024-01-29,sh.603019,33.82021062,34.30562079,32.7899523,33.29517513,34351834.0,1164804964.72
2024-01-30,sh.603019,32.8890156,33.77067897,32.37388644,32.55220038,27413204.0,915667015.83
2024-01-31,sh.603019,32.35407378,32.53238772,31.01671923,31.05634455,35063365.0,1120882619.18
2024-02-01,sh.603019,30.709623,32.5918257,30.05580522,31.68044334,36336763.0,1159733910.23
2024-02-02,sh.603019,31.6011927,31.9974459,28.728357,30.50159007,46156694.0,1421261647.42
2024-02-05,sh.603019,30.0161799,31.11578253,28.45097976,29.8180533,40996499.0,1235003369.17
2024-02-06,sh.603019,29.27320515,32.52248139,29.23357983,32.0965092,43936011.0,1378764218.55
2024-02-07,sh.603019,31.9974459,33.06732954,31.7993193,32.34416745,40564720.0,1331512752.84
2024-02-08,sh.603019,32.8890156,33.92918025,32.86920294,33.681522,42077291.0,1421247776.22
2024-02-19,sh.603019,35.67269433,37.0496742,34.85046894,37.0496742,86529663.0,3132899342.0
2024-02-20,sh.603019,36.5543577,37.09920585,36.13829184,36.23735514,68370272.0,2525059434.43
2024-02-21,sh.603019,35.52409938,36.7524843,35.37550443,35.78166396,49742676.0,1808460762.55
2024-02-22,sh.603019,38.1393705,39.35784909,38.12946417,38.77337562,120117053.0,4722508879.39
2024-02-23,sh.603019,39.35784909,39.49653771,38.49599838,38.95168956,90123648.0,3549980866.98
2024-02-26,sh.603019,39.10028451,42.3990924,38.81300094,41.29948977,114128888.0,4723855274.82
2024-02-27,sh.603019,40.68529731,45.43042938,40.4178264,45.43042938,89577987.0,3892974721.71
2024-02-28,sh.603019,49.73968293,49.97743485,47.09469282,47.11450548,262077229.0,12920215675.91
2024-02-29,sh.603019,48.10513848,50.87891088,47.3522574,49.24436643,234818992.0,11626740489.6
2024-03-01,sh.603019,48.49148535,53.494182,48.25373343,52.9988655,214532103.0,11054004731.33
2024-03-04,sh.603019,54.2866884,54.2866884,51.38413371,53.41493136,186216120.0,9977666892.93
2024-03-05,sh.603019,52.09738947,56.2679544,51.3147894,52.44411102,185870415.0,9981615364.3
2024-03-06,sh.603019,51.6119793,54.8810682,51.19591344,53.9894985,171358664.0,9172706824.92
2024-03-07,sh.603019,53.50408833,54.13809345,51.3147894,51.58226031,146563485.0,7775009788.49
2024-03-08,sh.603019,52.1072958,53.07811614,51.27516408,52.65214395,118634492.0,6260897585.18
2024-03-11,sh.603019,51.3147894,54.60369096,51.1166628,54.60369096,142659139.0,7670789385.28
2024-03-12,sh.603019,54.3857517,54.45509601,52.2063591,52.7016756,118315317.0,6339941567.35
2024-03-13,sh.603019,53.51399466,53.73193392,51.07703748,51.13647546,122453993.0,6437116582.42
2024-03-14,sh.603019,50.1260298,52.57289331,50.11612347,51.8101059,118355110.0,6170449923.39
2024-03-15,sh.603019,51.54263499,52.05776415,50.39350071,51.96860718,87324711.0,4519641348.14
2024-03-18,sh.603019,51.8101059,53.20689843,51.49310334,52.8007389,117721180.0,6235333231.31
2024-03-19,sh.603019,52.3054224,53.5932453,51.59216664,51.93888819,87482754.0,4621801179.19
2024-03-20,sh.603019,51.8101059,54.41547069,51.8101059,52.91961486,117325764.0,6313054389.9
2024-03-21,sh.603019,52.58279964,53.51399466,51.69122994,51.77048058,80334963.0,4249770080.08
2024-03-22,sh.603019,51.8101059,54.16781244,51.8101059,53.58333897,140807697.0,7572538004.56
2024-03-25,sh.603019,53.494182,53.86071621,51.28507041,51.28507041,111874402.0,5950663556.05
2024-03-26,sh.603019,51.14638179,52.43420469,47.92682454,48.31317141,145872845.0,7330450880.64
2024-03-27,sh.603019,48.25373343,48.70942461,46.44087504,46.60928265,93035112.0,4451525336.55
2024-03-28,sh.603019,46.8569409,49.45239936,46.67862696,48.41223471,110320727.0,5363313816.42
2024-03-29,sh.603019,47.91691821,48.03579417,46.41115605,47.30272575,68807510.0,3275083157.07
2024-04-01,sh.603019,47.89710555,49.0363335,47.53057134,48.43204737,69056659.0,3373377166.88
2024-04-02,sh.603019,48.29335875,48.60045498,46.73806494,47.09469282,57636938.0,2757050699.04
2024-04-03,sh.603019,46.80740925,47.00553585,45.46014837,45.61864965,57650205.0,2673734556.18
2024-04-08,sh.603019,45.3709914,46.4606877,45.36108507,45.4700547,41273394.0,1911853027.46
2024-04-09,sh.603019,45.4700547,45.63846231,44.26148244,45.05398884,47881822.0,2162923029.33
2024-04-10,sh.603019,44.9747382,44.9747382,43.30056843,43.51850769,46036427.0,2040888690.69
2024-04-11,sh.603019,43.54822668,44.74689261,43.53832035,43.96429254,48285432.0,2159067053.49
2024-04-12,sh.603019,44.61811032,45.75733827,44.578485,44.578485,59290628.0,2701653779.93
2024-04-15,sh.603019,44.59829766,45.75733827,44.31101409,45.1728648,58259921.0,2655668146.76
2024-04-16,sh.603019,44.6775483,46.92628521,44.42989005,45.57902433,89451090.0,4133384415.77
2024-04-17,sh.603019,46.09415349,47.550384,45.3709914,47.54047767,89639659.0,4222330169.57
2024-04-18,sh.603019,46.73806494,47.44141437,45.78705726,46.31209275,79905257.0,3755342941.86
2024-04-19,sh.603019,45.91583955,46.25265477,43.89494823,44.25157611,76963347.0,3476562504.67
2024-04-22,sh.603019,41.8047126,42.57740634,41.53724169,42.11180883,71834047.0,3054102990.52
2024-04-23,sh.603019,42.47834304,42.71609496,41.4084594,41.48771004,45055808.0,1907479881.96
2024-04-24,sh.603019,42.0028392,44.02373052,41.72546196,43.79588493,69265494.0,3009989577.37
2024-04-25,sh.603019,43.37981907,44.40017106,43.17178614,43.77607227,42556670.0,1882776918.63
2024-04-26,sh.603019,44.39026473,46.559751,44.39026473,46.15359147,85743359.0,3974279498.03
2024-04-29,sh.603019,46.69843962,47.76832326,46.44087504,47.32253841,73278543.0,3484542893.67
2024-04-30,sh.603019,47.550384,48.20420178,46.35171807,47.23338144,71625591.0,3418884333.3
2024-05-06,sh.603019,48.16457646,48.19429545,46.44087504,46.76778393,53374045.0,2543443165.46
2024-05-07,sh.603019,46.8569409,47.21356878,45.48986736,45.84649524,54985640.0,2567492987.57
2024-05-08,sh.603019,45.58893066,46.29228009,45.13323948,45.65827497,35229032.0,1625081187.48
2024-05-09,sh.603019,45.67808763,46.0644345,45.12333315,46.0644345,44761753.0,2063118053.22
2024-05-10,sh.603019,45.8663079,45.91583955,43.89494823,44.0831685,62374933.0,2800010189.02
2024-05-13,sh.603019,43.6869153,44.16241914,43.01328486,43.18169247,37797123.0,1659776378.58
2024-05-14,sh.603019,43.44916338,43.96429254,43.03309752,43.81569759,35139497.0,1546108923.59
2024-05-15,sh.603019,43.59775833,44.11288749,43.12225449,43.36000641,31162937.0,1370639713.62
2024-05-16,sh.603019,43.99401153,44.8756749,43.50860136,44.11288749,59021355.0,2634438047.4
2024-05-17,sh.603019,43.6869153,43.9841052,43.17178614,43.80579126,36543002.0,1606180047.66
2024-05-20,sh.603019,43.4887887,44.52895335,43.00337853,44.13270015,46299007.0,2050165372.03
2024-05-21,sh.603019,44.21195079,44.52895335,43.41944439,43.46897604,29662428.0,1314177015.03
2024-05-22,sh.603019,43.37981907,43.67700897,43.0925355,43.47888237,24192998.0,1060049367.17
2024-05-23,sh.603019,43.81569759,43.8850419,42.05237085,42.25049745,41889986.0,1803930999.19
2024-05-24,sh.603019,42.25049745,42.71609496,40.96267455,40.96267455,41519177.0,1753840791.52
2024-05-27,sh.603019,41.00229987,41.77499361,40.32866943,41.77499361,39083399.0,1618755955.47
2024-05-28,sh.603019,41.57686701,41.89386957,40.70510997,40.76454795,28439540.0,1182942445.19
2024-05-29,sh.603019,41.0122062,41.17070748,39.75410229,40.19988714,34594560.0,1409572601.6
2024-05-30,sh.603019,39.87297825,40.37820108,39.41728707,40.0215732,24924004.0,1002547349.34
2024-05-31,sh.603019,40.09091751,41.28958344,39.93241623,40.48717071,30981058.0,1271946656.87
2024-06-03,sh.603019,40.49707704,40.90323657,39.97204155,40.39801374,29038565.0,1186885842.55
2024-06-04,sh.603019,40.4178264,40.60604667,39.62532,40.18007448,26780310.0,1082572585.48
2024-06-05,sh.603019,40.2196998,40.50698337,39.49653771,39.55597569,23270489.0,940697879.31
2024-06-06,sh.603019,39.8942469,41.06819232,39.56594013,39.81465738,46842246.0,1894320564.16
2024-06-07,sh.603019,39.85445214,39.91414428,38.28255912,38.65066065,45107231.0,1760303193.97
2024-06-11,sh.603019,38.53127637,39.87434952,38.3024565,39.78481131,39654998.0,1569396106.13
2024-06-12,sh.603019,39.66542703,40.44142485,39.58583751,40.08327201,28344808.0,1141348687.17
2024-06-13,sh.603019,40.08327201,41.19752529,40.08327201,40.63044996,38098352.0,1558127257.23
2024-06-14,sh.603019,40.34193795,42.2819325,40.31209188,42.04316394,57839096.0,2414482719.09
2024-06-17,sh.603019,41.96357442,41.9834718,41.20747398,41.53578075,35487391.0,1483118397.19
2024-06-18,sh.603019,41.36665302,43.2768015,41.29701219,42.47095761,49059257.0,2098045417.8
2024-06-19,sh.603019,42.52070106,43.42603185,42.30182988,42.30182988,43198355.0,1857837927.28
2024-06-20,sh.603019,41.82429276,41.83424145,40.74983424,40.75978293,40218384.0,1663616433.05
2024-06-21,sh.603019,40.33198926,41.21742267,39.91414428,41.04829494,26207647.0,1070828741.25
2024-06-24,sh.603019,40.789629,40.99855149,39.44655585,39.55599144,26652049.0,1077368111.15
2024-06-25,sh.603019,39.5957862,39.66542703,37.81497069,38.29250781,32672367.0,1269020649.96
2024-06-26,sh.603019,38.3024565,41.86408752,38.26266174,41.61537027,50869253.0,2050299268.57
2024-06-27,sh.603019,41.33680695,41.85413883,40.80952638,40.86921852,41063152.0,1708310957.56
2024-06-28,sh.603019,40.60060389,41.99342049,40.54091175,41.2870635,39883678.0,1662575113.12
2024-07-01,sh.603019,41.23732005,41.57557551,40.08327201,41.21742267,34927565.0,1436972099.53
2024-07-02,sh.603019,40.94880804,41.42634516,40.05342594,40.38173271,26364840.0,1080910250.08
2024-07-03,sh.603019,40.35188664,40.42152747,39.22768467,39.80470869,22814134.0,912153949.48
2024-07-04,sh.603019,40.25239974,40.26234843,38.95907004,38.9988648,21257486.0,841524363.36
2024-07-05,sh.603019,39.0983517,40.17281022,39.01876218,39.47640192,29051640.0,1155064515.67
2024-07-08,sh.603019,39.34706895,39.35701764,38.3024565,38.55117375,25653865.0,997951322.14
2024-07-09,sh.603019,38.6009172,40.34193795,38.18307222,40.1927076,44648720.0,1777902616.3
2024-07-10,sh.603019,39.8942469,40.41157878,39.81465738,39.94399035,25870909.0,1042803227.26
2024-07-11,sh.603019,40.74983424,41.03834625,39.96388773,41.02839756,43947620.0,1789410824.71
2024-07-12,sh.603019,40.71003948,40.71003948,40.00368249,40.21260498,25314445.0,1025799875.11
2024-07-15,sh.603019,39.94399035,40.4911683,39.62563227,40.07332332,18364669.0,738882697.73
2024-07-16,sh.603019,39.85445214,42.69977748,39.70522179,42.0829587,69732968.0,2911443984.29
2024-07-17,sh.603019,41.84419014,43.06787901,41.56562682,41.63526765,54130681.0,2302099273.75
2024-07-18,sh.603019,41.09803839,41.4860373,39.67537572,41.01844887,49739475.0,2027257250.62
2024-07-19,sh.603019,40.79957769,43.95331242,40.79957769,43.29669888,88449168.0,3823588924.61
2024-07-22,sh.603019,43.93341504,45.27648819,43.33649364,44.20202967,90967214.0,4049871695.43
2024-07-23,sh.603019,44.40100347,44.95813011,42.779367,42.8788539,64615334.0,2848343264.1
2024-07-24,sh.603019,42.83905914,44.33136264,42.83905914,43.26685281,59754453.0,2620415763.58
2024-07-25,sh.603019,42.59034189,44.05279932,42.4809063,43.31659626,51874015.0,2264932344.91
2024-07-26,sh.603019,42.98828949,43.58521089,41.71485717,42.66993141,52897488.0,2263609017.28
2024-07-29,sh.603019,42.68982879,42.75946962,41.784498,41.784498,32759590.0,1386303898.56
2024-07-30,sh.603019,41.31690957,41.784498,40.56080913,41.784498,34228507.0,1416732090.39
2024-07-31,sh.603019,41.57557551,43.6747491,41.46613992,43.6747491,53369069.0,2306905819.51
2024-08-01,sh.603019,44.01300456,44.03290194,43.08777639,43.48572399,41131831.0,1800482582.5
2024-08-02,sh.603019,42.779367,44.41095216,42.5803932,42.66993141,43293250.0,1885095292.34
2024-08-05,sh.603019,41.784498,42.66993141,40.2921945,40.2921945,47712894.0,1987606305.77
2024-08-06,sh.603019,41.0880897,41.26716612,39.87434952,40.89906459,31958414.0,1301646415.8
2024-08-07,sh.603019,40.73988555,40.97865411,38.7004041,39.20778729,40782134.0,1626678320.53
2024-08-08,sh.603019,38.78994231,39.60573489,38.3024565,38.95907004,29289381.0,1143104163.42
2024-08-09,sh.603019,39.48635061,39.64552965,38.77004493,38.78994231,19639648.0,774205843.28
2024-08-12,sh.603019,38.7004041,39.0983517,38.35219995,38.74019886,17020996.0,662756012.64
2024-08-13,sh.603019,38.82973707,39.31722288,38.71035279,39.2973255,16945711.0,665270182.69
2024-08-14,sh.603019,39.63558096,39.63558096,38.85958314,38.90932659,13874731.0,546930862.77
2024-08-15,sh.603019,38.31240519,39.78481131,38.29250781,39.28737681,25955579.0,1023365884.09
2024-08-16,sh.603019,39.2973255,39.77486262,39.0983517,39.33712026,18633391.0,738201661.57
2024-08-19,sh.603019,39.34706895,40.26234843,39.17794122,39.79476,20649688.0,827013337.14
2024-08-20,sh.603019,39.79476,39.80470869,38.68050672,38.81978838,20944690.0,821224054.28
2024-08-21,sh.603019,38.61086589,39.17794122,38.61086589,38.799891,13713575.0,536270324.8
2024-08-22,sh.603019,38.87948052,39.0983517,36.18338553,36.32266719,48985609.0,1830086324.35
2024-08-23,sh.603019,36.33261588,36.83999907,35.60636151,36.19333422,34519677.0,1256574997.37
2024-08-26,sh.603019,36.2132316,36.39230802,34.97959404,35.49692592,31478130.0,1126715767.73
2024-08-27,sh.603019,35.26810605,35.36759295,34.65128727,34.83036369,20837301.0,730526106.48
2024-08-28,sh.603019,34.83036369,35.29795212,34.64133858,35.1188757,16893123.0,593794116.44
2024-08-29,sh.603019,34.92985059,35.83518138,34.71097941,35.39743902,22484847.0,800585559.97
2024-08-30,sh.603019,35.39743902,37.08871632,35.3178495,36.69076872,36537933.0,1343474957.96
2024-09-02,sh.603019,36.68082003,36.87979383,35.42728509,35.44718247,23958452.0,866086330.72
2024-09-03,sh.603019,35.44718247,35.93466828,35.27805474,35.66605365,15083921.0,540134482.24
2024-09-04,sh.603019,35.1188757,35.56656675,34.97959404,35.27805474,13384120.0,474778956.04
2024-09-05,sh.603019,35.40738771,36.06400125,35.36759295,35.52677199,15185408.0,543965395.44
2024-09-06,sh.603019,35.46707985,35.79538662,33.89518683,34.14390408,28780446.0,1001962845.19
2024-09-09,sh.603019,34.00462242,34.4224674,33.9250329,34.34287788,14941919.0,514322951.86
2024-09-10,sh.603019,34.34287788,36.35251326,34.06431456,35.78543793,31297080.0,1107585244.71
2024-09-11,sh.603019,35.4173364,35.95456566,35.39743902,35.88492483,17288880.0,620297338.55
2024-09-12,sh.603019,36.00430911,36.49179492,35.55661806,35.57651544,18377125.0,665203752.96
2024-09-13,sh.603019,35.60636151,35.97446304,35.14872177,35.27805474,14974060.0,535327969.13
2024-09-18,sh.603019,35.27805474,35.60636151,34.85026107,35.38749033,14611608.0,517591785.48
2024-09-19,sh.603019,35.6163102,36.44205147,35.16861915,36.1137447,23821606.0,861006824.22
2024-09-20,sh.603019,36.1137447,36.57138444,35.94461697,36.40225671,22888870.0,835034552.37
2024-09-23,sh.603019,36.17343684,37.1086137,36.1137447,36.17343684,22422096.0,825736777.34
2024-09-24,sh.603019,36.4122054,38.11343139,35.7157971,38.03384187,47439138.0,1773982231.83
2024-09-25,sh.603019,38.4019434,39.53609406,38.0039958,38.1034827,51698850.0,2015976925.73
2024-09-26,sh.603019,38.05373925,39.45650454,37.83486807,39.41670978,39835395.0,1548841507.88
2024-09-27,sh.603019,40.07332332,43.32654495,39.66542703,43.15741722,54107860.0,2240294040.26
2024-09-30,sh.603019,45.8634609,47.47514868,45.18694998,47.47514868,104802721.0,4921071023.09
2024-10-08,sh.603019,52.22067381,52.22067381,49.8429369,52.22067381,72751990.0,3797107067.51
2024-10-09,sh.603019,53.722926,57.44373606,52.6285701,55.66292055,211251413.0,11826270861.51
2024-10-10,sh.603019,55.712664,56.2100985,50.1413976,52.24057119,133383924.0,7126138792.94
2024-10-11,sh.603019,51.18601005,53.27523495,50.26078188,50.74826769,92069216.0,4772505182.96
2024-10-14,sh.603019,50.99698494,51.82272621,48.49986375,51.733188,95823963.0,4844125337.08
2024-10-15,sh.603019,51.733188,53.8224129,50.88754935,50.92734411,91893442.0,4824774507.87
2024-10-16,sh.603019,48.73863231,50.00211594,48.41032554,48.75852969,79900097.0,3943950339.87
2024-10-17,sh.603019,50.4398583,53.57369565,50.00211594,51.75308538,143423616.0,7504093705.37
2024-10-18,sh.603019,51.2357535,56.58814872,51.08652315,54.93666618,149789653.0,8104750577.1
2024-10-21,sh.603019,56.2100985,58.80670659,55.87184304,56.08076553,158622557.0,9128793023.6
2024-10-22,sh.603019,54.717795,55.8121509,54.14077098,54.93666618,89136080.0,4920639751.38
2024-10-23,sh.603019,54.96651225,55.9116378,53.85225897,54.18056574,82738143.0,4575017179.47
2024-10-24,sh.603019,53.69307993,55.00630701,53.47420875,54.3198474,55786967.0,3037762924.75
2024-10-25,sh.603019,54.717795,54.83717928,53.45431137,54.14077098,57460236.0,3121938059.01
2024-10-28,sh.603019,54.14077098,54.49892382,53.49410613,53.95174587,47771751.0,2587645980.32
2024-10-29,sh.603019,54.04128408,59.34393585,53.81246421,59.34393585,194900880.0,11389113979.89
2024-10-30,sh.603019,59.36383323,59.36383323,56.58814872,58.16999043,153157294.0,8930269853.79
2024-10-31,sh.603019,58.17993912,62.82597735,57.06568584,60.8859828,171489050.0,10412661226.09
2024-11-01,sh.603019,59.71203738,65.43253413,59.69214,60.13983105,156526296.0,9776282837.51
2024-11-04,sh.603019,60.32885616,66.1587885,58.76691183,66.1587885,141336702.0,9010860814.53
2024-11-05,sh.603019,67.66104069,72.77466735,66.2582754,71.36195337,189325876.0,13330698892.89
2024-11-06,sh.603019,71.52113241,74.5156881,68.60616624,71.74000359,168065425.0,11954870599.23
2024-11-07,sh.603019,70.1382645,76.9033737,68.7454479,75.2120964,141927477.0,10273001044.19
2024-11-08,sh.603019,75.61999269,82.0766925,75.61999269,79.03239336,142410319.0,11353726058.42
2024-11-11,sh.603019,79.44028965,86.93165322,79.44028965,86.93165322,165475503.0,14003193652.78
2024-11-12,sh.603019,89.46856917,89.46856917,80.59433769,83.4695091,186792356.0,15816684122.79
2024-11-13,sh.603019,81.48971979,85.15083771,81.16141302,82.2756663,110898616.0,9246765149.02
2024-11-14,sh.603019,80.7833628,80.7833628,76.15722195,76.46563134,141979916.0,11138243172.97
2024-11-15,sh.603019,75.610044,76.5054261,71.61067062,72.15784857,151540109.0,11220648889.61
2024-11-18,sh.603019,72.15784857,73.55066517,69.8398038,70.98390315,109634099.0,7878376964.9
2024-11-19,sh.603019,70.5362121,78.01762698,69.49159965,76.79393811,146036994.0,10733249107.25
2024-11-20,sh.603019,75.49065972,80.47495341,74.5156881,77.3013213,132564953.0,10271353857.14
2024-11-21,sh.603019,76.39599051,80.0869545,75.88860732,78.52501017,105284754.0,8304546260.34
2024-11-22,sh.603019,78.50511279,79.47013572,74.19733002,74.46594465,100020043.0,7736360373.91
2024-11-25,sh.603019,74.2172274,79.18162371,72.48615534,78.66429183,115421453.0,8775794526.51
2024-11-26,sh.603019,77.87834532,78.63444576,75.62994138,75.64983876,76973328.0,5969438147.82
2024-11-27,sh.603019,74.17743264,78.57475362,73.3218453,78.07731912,96095930.0,7421282403.14
2024-11-28,sh.603019,78.07731912,85.558734,77.60973069,81.32059206,151152272.0,12423339858.49
2024-11-29,sh.603019,79.7884938,85.50899055,79.69895559,84.3648912,123298143.0,10278316307.45
2024-12-02,sh.603019,84.3648912,86.39442396,82.24582023,83.3700222,112960431.0,9507658527.33
2024-12-03,sh.603019,82.7731008,84.3648912,75.14245557,77.45055165,151806115.0,12235047123.03
2024-12-04,sh.603019,76.9033737,78.6941379,76.0079916,77.599782,95305546.0,7405001384.03
2024-12-05,sh.603019,76.8038868,77.1023475,74.8141488,75.56030055,82059353.0,6250770700.84
2024-12-06,sh.603019,75.66973614,78.16685733,75.35137806,76.59496431,76783538.0,5924527472.53
2024-12-09,sh.603019,76.604913,76.74419466,73.97845884,74.60522631,63112806.0,4759141336.43
2024-12-10,sh.603019,78.40562589,78.64439445,74.2172274,74.55548286,82403070.0,6302765110.7
2024-12-11,sh.603019,73.72974159,74.4162012,72.5259501,73.34174268,71603442.0,5267619276.13
2024-12-12,sh.603019,73.57056255,75.40112151,72.1280025,74.40625251,71701581.0,5312110986.95
2024-12-13,sh.603019,73.5208191,73.87897194,71.42164551,71.56092717,61294860.0,4468526377.35
2024-12-16,sh.603019,71.55097848,72.7249239,70.74513459,71.02369791,44960638.0,3231698933.66
2024-12-17,sh.603019,71.19282564,72.34687368,70.77498066,71.08339005,42017643.0,3016792660.51
2024-12-18,sh.603019,71.35200468,72.08820774,70.76503197,71.52113241,39851255.0,2862766875.45
2024-12-19,sh.603019,70.64564769,76.78398942,70.4367252,75.86870994,113366226.0,8441625928.26
2024-12-20,sh.603019,74.8141488,76.9033737,74.2172274,75.15240426,78060333.0,5909274024.14
2024-12-23,sh.603019,75.610044,78.0972165,75.60009531,76.38604182,90959647.0,7029751424.33
2024-12-24,sh.603019,76.604913,77.55998724,75.2120964,76.58501562,61702847.0,4734749569.67
2024-12-25,sh.603019,77.45055165,80.32572306,77.28142392,78.3956772,104598272.0,8302291921.95
2024-12-26,sh.603019,77.4008082,79.57957131,76.79393811,78.60459969,82176694.0,6457465395.9
2024-12-27,sh.603019,78.61454838,78.98264991,74.20727871,74.45599596,105106984.0,8069696476.77
2024-12-30,sh.603019,74.45599596,75.54040317,73.4213322,73.66010076,63185590.0,4715865634.67
2024-12-31,sh.603019,73.78943373,73.8192798,71.75990097,71.94892608,51907108.0,3785160384.03
2025-01-02,sh.603019,71.8295418,71.8295418,66.66617169,67.60134855,89899466.0,6216552574.51
2025-01-03,sh.603019,67.07406798,67.44216951,64.44761382,64.48740858,68366490.0,4506798041.24
2025-01-06,sh.603019,63.84074373,65.64145662,63.56218041,64.17899919,44500713.0,2879680685.12
2025-01-07,sh.603019,64.2685374,66.20853195,64.04966622,66.20853195,58279784.0,3828487248.5
2025-01-08,sh.603019,65.5618671,65.83048173,63.03489984,65.10422736,60119352.0,3903456659.46
2025-01-09,sh.603019,64.62669024,66.44730051,64.5669981,65.40268806,45742533.0,3020959951.91
2025-01-10,sh.603019,62.3782863,63.76115421,61.33367385,61.34362254,91340473.0,5725236035.37
2025-01-13,sh.603019,60.00054939,61.32372516,59.87121642,60.57757341,42707039.0,2603674928.12
2025-01-14,sh.603019,61.55254503,64.10935836,60.69695769,64.00987146,72667835.0,4587460408.49
2025-01-15,sh.603019,64.00987146,66.09909636,63.34330923,64.15910181,66567201.0,4312777487.74
2025-01-16,sh.603019,64.15910181,65.65140531,62.90556687,63.65171862,50971371.0,3284404916.34
2025-01-17,sh.603019,63.25377102,65.05448391,63.25377102,64.08946098,40583803.0,2612761919.9
2025-01-20,sh.603019,64.9649457,65.45243151,64.05961491,64.39787037,36129338.0,2351128028.12
2025-01-21,sh.603019,64.65653631,65.5618671,64.32822954,64.91520225,42122217.0,2745754144.84
2025-01-22,sh.603019,64.61674155,67.13376012,64.24864002,66.37765968,75612837.0,5021908829.31
2025-01-23,sh.603019,66.82535073,68.18832126,65.07438129,65.18381688,69366584.0,4658329653.94
2025-01-24,sh.603019,64.85551011,66.36771099,64.67643369,66.1587885,42708575.0,2817043434.82
2025-01-27,sh.603019,69.64083,69.64083,66.38760837,66.64627431,73282851.0,4983512760.57
2025-02-05,sh.603019,69.64083,71.80964442,68.645961,71.7300549,113378664.0,8065133062.1
2025-02-06,sh.603019,72.33692499,73.30194792,70.30739223,72.625437,89198297.0,6468458396.6
2025-02-07,sh.603019,72.83435949,78.37577982,72.20759202,74.63507238,140029285.0,10544229009.43
2025-02-10,sh.603019,74.80420011,78.0972165,74.79425142,76.11742719,103458954.0,7965820064.78
2025-02-11,sh.603019,75.610044,76.604913,73.86902325,74.57538024,86006410.0,6477556906.15
2025-02-12,sh.603019,74.0182536,75.05291736,73.68994683,74.43609858,69413270.0,5186587513.62
2025-02-13,sh.603019,74.5156881,74.75445666,71.96882346,72.1280025,73562560.0,5398994503.99
2025-02-14,sh.603019,71.9290287,74.1177405,71.71015752,73.60040862,65265085.0,4805710349.18
2025-02-17,sh.603019,75.610044,78.2961903,74.93353308,75.75927435,102204793.0,7850798739.1
2025-02-18,sh.603019,75.75927435,75.76922304,72.14789988,72.54584748,71083366.0,5280850648.16
2025-02-19,sh.603019,72.54584748,73.96851015,72.15784857,73.68994683,50080443.0,3688660138.41
2025-02-20,sh.603019,73.68994683,73.68994683,72.2274894,72.63538569,45275680.0,3307562551.18
2025-02-21,sh.603019,73.4213322,76.91332239,73.4213322,76.55516955,128441658.0,9750503234.58
2025-02-24,sh.603019,77.2018344,77.92808877,75.610044,76.89342501,95008627.0,7319584136.51
2025-02-25,sh.603019,75.43096758,77.599782,75.1126095,75.7095309,62979581.0,4806499005.54
2025-02-26,sh.603019,76.29650361,78.0972165,74.8141488,77.7987558,91967579.0,7095044770.87
2025-02-27,sh.603019,78.57475362,78.60459969,75.1126095,75.99804291,74043369.0,5687730387.54
2025-02-28,sh.603019,75.1126095,75.59014662,71.10328743,71.37190206,72643915.0,5329017912.0
2025-03-03,sh.603019,71.36195337,71.9290287,69.45180489,70.11836712,46021318.0,3268142674.64
2025-03-04,sh.603019,69.1433955,71.06349267,68.87478087,70.82472411,32840295.0,2320236892.41
2025-03-05,sh.603019,71.11323612,71.81959311,70.1382645,71.25251778,31781917.0,2266997990.37
2025-03-06,sh.603019,71.95887477,73.620306,71.95887477,73.11292281,46945644.0,3450083988.17
2025-03-07,sh.603019,73.14276888,73.55066517,71.28236385,71.71015752,37972537.0,2763342554.38
2025-03-10,sh.603019,71.42164551,71.90913132,70.1382645,70.66554507,34081871.0,2420287554.94
2025-03-11,sh.603019,69.28267716,70.4367252,69.13344681,70.35713568,30015654.0,2104365263.91
2025-03-12,sh.603019,70.7351859,72.31702761,70.7351859,71.45149158,41131418.0,2964968634.07
2025-03-13,sh.603019,71.31220992,71.3321073,69.36226668,69.68062476,31877626.0,2243122474.86
2025-03-14,sh.603019,69.63088131,71.74000359,69.42195882,71.05354398,33733503.0,2394490148.33
2025-03-17,sh.603019,71.14308219,71.7300549,70.635699,70.94410839,23318669.0,1668805546.52
2025-03-18,sh.603019,71.04359529,71.80964442,70.8346728,71.07344136,22900832.0,1639986632.37
2025-03-19,sh.603019,70.8346728,70.8346728,69.72041952,70.12831581,23328569.0,1644564388.01
2025-03-20,sh.603019,70.12831581,70.29744354,69.5413431,69.70052214,19744232.0,1386163981.06
2025-03-21,sh.603019,69.40206144,69.4418562,66.79550466,66.8551968,43543392.0,2965430327.99
2025-03-24,sh.603019,66.86514549,67.41232344,64.91520225,66.52689003,33762886.0,2240005183.65
2025-03-25,sh.603019,66.54678741,66.5567361,65.01468915,65.19376557,20887817.0,1378504345.38
2025-03-26,sh.603019,65.09427867,65.83048173,64.8654588,64.99479177,18383590.0,1205868650.42
2025-03-27,sh.603019,64.99479177,66.04935291,64.87540749,65.37284199,23083560.0,1521049266.45
2025-03-28,sh.603019,65.57181579,66.42740313,65.02463784,65.74094352,19595609.0,1293261392.95
2025-03-31,sh.603019,65.07438129,66.1587885,64.18894788,66.01950684,23731372.0,1553144715.54
2025-04-01,sh.603019,66.31796754,66.42740313,65.54196972,65.55191841,18595082.0,1230927665.88
2025-04-02,sh.603019,65.34299592,65.8603278,65.00474046,65.13407343,13970562.0,918702534.53
2025-04-03,sh.603019,64.68638238,65.62155924,64.2685374,64.88535618,17991083.0,1174702505.26
2025-04-07,sh.603019,60.65716293,62.50761927,58.3988103,59.0952186,65996064.0,3979161661.87
2025-04-08,sh.603019,59.2941924,61.25408433,59.27429502,60.93572625,48730253.0,2939821992.44
2025-04-09,sh.603019,60.1895745,65.00474046,59.70208869,64.2685374,64054843.0,4069504037.66
2025-04-10,sh.603019,65.8603278,66.13889112,64.0695636,64.94504832,56009014.0,3656735398.1
2025-04-11,sh.603019,64.8654588,66.04935291,64.10935836,65.12412474,39698397.0,2597075471.2
2025-04-14,sh.603019,65.661354,65.8603278,65.0644326,65.1639195,29354414.0,1930662848.26
2025-04-15,sh.603019,65.15397081,66.13889112,64.05961491,65.28330378,25771832.0,1682060145.94
2025-04-16,sh.603019,65.65140531,65.80063566,64.75602321,65.5618671,24376330.0,1599766705.0
2025-04-17,sh.603019,65.03458653,65.7608409,64.83561273,65.1639195,21355680.0,1402521331.71
2025-04-18,sh.603019,64.88535618,64.88535618,62.99510508,64.71622845,24493566.0,1580935245.96
2025-04-21,sh.603019,64.54710072,64.89530487,64.2685374,64.71622845,21184977.0,1377407942.57
2025-04-22,sh.603019,64.55704941,64.5669981,63.48259089,63.59202648,22737480.0,1457703524.68
2025-04-23,sh.603019,63.91038456,64.11930705,62.25890202,63.06474591,31428768.0,2000881762.4
2025-04-24,sh.603019,62.7762339,62.85582342,61.681878,61.73162145,26717190.0,1668394733.85
2025-04-25,sh.603019,61.9803387,62.20915857,61.56249372,61.75151883,18293540.0,1137920415.48
2025-04-28,sh.603019,61.7813649,63.02495115,61.7813649,61.86095442,19547743.0,1224491386.29
2025-04-29,sh.603019,61.90074918,62.11962036,61.25408433,61.93059525,13735821.0,853265433.05
2025-04-30,sh.603019,61.99028739,63.41295006,61.99028739,62.99510508,27213160.0,1722438615.15
2025-05-06,sh.603019,63.64176993,64.78586928,63.41295006,64.7659719,30984415.0,2000926998.3
2025-05-07,sh.603019,65.84043042,65.9598147,64.12925574,64.75602321,30457615.0,1984190820.27
2025-05-08,sh.603019,64.4675112,64.9649457,64.24864002,64.83561273,20034316.0,1303371876.98
2025-05-09,sh.603019,64.84556142,64.85551011,63.78105159,64.05961491,15056955.0,970907447.15
2025-05-12,sh.603019,64.44761382,65.04453522,64.28843478,64.65653631,19475209.0,1264306872.89
2025-05-13,sh.603019,65.11417605,65.22361164,64.02976884,64.0695636,19993112.0,1295334173.38
2025-05-14,sh.603019,64.24864002,64.7659719,63.96012801,64.45756251,18636371.0,1206229430.62
2025-05-15,sh.603019,64.4675112,64.47745989,62.64690093,63.01500246,20510111.0,1304640009.87
2025-05-16,sh.603019,62.8757208,63.22392495,62.39818368,62.51756796,17107573.0,1077730817.88
2025-05-19,sh.603019,62.62700355,62.91551556,62.23900464,62.81602866,11430252.0,719081432.44
2025-05-20,sh.603019,62.85582342,63.22392495,62.48772189,62.95531032,11877039.0,751334496.56
2025-05-21,sh.603019,63.13438674,63.13438674,62.55736272,62.63695224,10667852.0,672254224.5
2025-05-22,sh.603019,62.676747,62.8757208,62.06987691,62.13951774,11017768.0,691230246.71
2025-05-23,sh.603019,62.3992906,63.25859228,61.8497372,61.8497372,15456988.0,964891582.2
2025-05-26,sh.603019,61.8497372,61.8497372,61.8497372,61.8497372,,
2025-05-27,sh.603019,61.8497372,61.8497372,61.8497372,61.8497372,,
2025-05-28,sh.603019,61.8497372,61.8497372,61.8497372,61.8497372,,
2025-05-29,sh.603019,61.8497372,61.8497372,61.8497372,61.8497372,,
2025-05-30,sh.603019,61.8497372,61.8497372,61.8497372,61.8497372,,
2025-06-03,sh.603019,61.8497372,61.8497372,61.8497372,61.8497372,,
2025-06-04,sh.603019,61.8497372,61.8497372,61.8497372,61.8497372,,
2025-06-05,sh.603019,61.8497372,61.8497372,61.8497372,61.8497372,,
2025-06-06,sh.603019,61.8497372,61.8497372,61.8497372,61.8497372,,
2025-06-09,sh.603019,61.8497372,61.8497372,61.8497372,61.8497372,,
2025-06-10,sh.603019,68.03471092,68.03471092,68.03471092,68.03471092,6719621.0,457538993.89
2025-06-11,sh.603019,72.940724,73.05063468,68.95396388,69.50351728,129682998.0,9198907419.76
2025-06-12,sh.603019,68.943972,70.41277836,67.5451088,69.30367968,65052957.0,4485030733.04
2025-06-13,sh.603019,68.56428056,69.1438096,67.97475964,68.43438612,39840729.0,2729794826.28
2025-06-16,sh.603019,68.30449168,69.7433224,68.05469468,68.76411816,26788917.0,1850187136.16
2025-06-17,sh.603019,68.45436988,68.73414252,67.5451088,67.85485708,23180111.0,1575334439.67
2025-06-18,sh.603019,67.6450276,67.91480836,66.82569344,67.3452712,20369873.0,1374863156.37
2025-06-19,sh.603019,67.2453524,68.5442968,67.0455148,67.4951494,24422826.0,1657216177.99
2025-06-20,sh.603019,67.47516564,67.82488144,66.695799,66.8456772,16398684.0,1102196012.6
2025-06-23,sh.603019,66.25615628,66.92561224,66.0962862,66.58588832,15234692.0,1014481072.98
2025-06-24,sh.603019,66.81570156,68.38442672,66.75575028,67.8448652,30742080.0,2085334334.64
2025-06-25,sh.603019,67.8448652,68.73414252,67.56509256,68.33446732,28030746.0,1912660832.95
2025-06-26,sh.603019,68.5442968,72.82082144,68.5442968,70.83243732,94406708.0,6730015778.98
2025-06-27,sh.603019,71.41196636,71.42195824,69.82325744,69.87321684,38155484.0,2680865808.48
2025-06-30,sh.603019,70.23292452,70.70254288,69.61342796,70.3428352,22482183.0,1580723454.36
2025-07-01,sh.603019,70.06306256,70.2928758,68.95396388,69.26371216,23298316.0,1617169551.03
2025-07-02,sh.603019,69.02390704,69.2437284,68.05469468,68.22455664,18926375.0,1297953530.7
2025-07-03,sh.603019,68.2944998,68.82406944,68.16460536,68.70416688,15350481.0,1051888180.02
2025-07-04,sh.603019,68.7441344,69.23373652,68.444378,68.60424808,16041247.0,1104569464.5
2025-07-07,sh.603019,68.444378,68.5442968,67.8948246,67.98475152,14366645.0,978947411.82
2025-07-08,sh.603019,68.00473528,69.0438908,68.00473528,68.97394764,19729670.0,1354726128.86
2025-07-09,sh.603019,69.37362284,69.443566,68.30449168,68.37443484,18021511.0,1239345716.78
2025-07-10,sh.603019,68.41440236,68.444378,67.85485708,67.92480024,17429814.0,1187159620.82
2025-07-11,sh.603019,67.92480024,69.22374464,67.86484896,68.75412628,26535654.0,1827195295.97
2025-07-14,sh.603019,68.93398012,69.28369592,68.55428868,68.6442156,13634731.0,939302611.95
2025-07-15,sh.603019,68.66419936,70.3927946,68.47435364,69.66338736,36009425.0,2504900955.74
2025-07-16,sh.603019,69.81326556,70.35282708,69.25372028,69.63341172,23189882.0,1621089577.36
2025-07-17,sh.603019,69.5434848,69.83324932,69.00392328,69.76330616,21436385.0,1490195390.31
2025-07-18,sh.603019,69.86322496,70.05307068,69.37362284,69.45355788,19859839.0,1384314602.28
2025-07-21,sh.603019,69.443566,69.66338736,69.17378524,69.3436472,16142148.0,1120484717.24
2025-07-22,sh.603019,69.43357412,69.75331428,68.66419936,68.81407756,20323743.0,1405794331.77
2025-07-23,sh.603019,68.81407756,69.06387456,68.4943374,68.5942562,18427249.0,1267463902.05
2025-07-24,sh.603019,68.7441344,69.17378524,68.46436176,69.0438908,24175933.0,1664770262.9
2025-07-25,sh.603019,69.1438096,70.60262408,68.85404508,70.30286768,47684598.0,3328470018.42
2025-07-28,sh.603019,70.60262408,70.60262408,69.11383396,69.32366344,33191549.0,2307999979.67
2025-07-29,sh.603019,69.12382584,70.442754,68.6442156,70.2928758,40799593.0,2846958037.62
2025-07-30,sh.603019,70.03308692,70.03308692,68.88402072,69.00392328,28529652.0,1982894170.02
2025-07-31,sh.603019,69.02390704,70.07305444,68.65420748,68.90400448,37078543.0,2576278065.93
2025-08-01,sh.603019,69.00392328,69.46354976,67.83487332,68.03471092,27396261.0,1876921175.16
2025-08-04,sh.603019,67.7449464,69.92317624,67.65501948,69.28369592,28578684.0,1978537652.13
2025-08-05,sh.603019,69.0438908,69.193769,68.72415064,69.17378524,15958137.0,1101105092.52
2025-08-06,sh.603019,69.2936878,69.2936878,68.3444592,68.86403696,23499033.0,1614534178.78
2025-08-07,sh.603019,68.86403696,69.26371216,68.46436176,68.5442968,20702838.0,1424366077.04
2025-08-08,sh.603019,68.60424808,68.71415876,67.9947434,68.02471904,17736601.0,1208896720.64
2025-08-11,sh.603019,67.944784,68.27451604,67.90481648,68.15461348,14558285.0,992611657.53
2025-08-12,sh.603019,68.17459724,69.66338736,67.95477588,69.07386644,41079147.0,2832161180.47
2025-08-13,sh.603019,69.1438096,69.94316,69.1438096,69.67337924,45394016.0,3163650676.84
2025-08-14,sh.603019,69.94316,76.62772772,69.73333052,74.01984704,140249916.0,10391303676.01
2025-08-15,sh.603019,73.12057784,74.16972524,72.85079708,73.58020432,64229517.0,4724932391.19
2025-08-18,sh.603019,74.17971712,75.438694,73.67013124,74.439506,72444281.0,5418329714.12
2025-08-19,sh.603019,74.439506,75.17890512,72.940724,72.95071588,64976942.0,4804005786.05
2025-08-20,sh.603019,72.68093512,76.27801192,71.941536,76.07817432,100915618.0,7519470393.75
2025-08-21,sh.603019,76.07817432,77.55697256,74.7392624,75.2388564,73499117.0,5583588447.47
2025-08-22,sh.603019,76.54779268,82.76274204,76.54779268,82.76274204,129899538.0,10500241550.96
2025-08-25,sh.603019,91.03601868,91.03601868,91.03601868,91.03601868,17488452.0,1593372861.72
2025-08-26,sh.603019,93.76380192,93.90368824,89.18752088,91.24584816,212172120.0,19556454531.57
2025-08-27,sh.603019,93.3241592,93.7238344,88.23829228,88.6279756,141201548.0,12892288010.86
2025-08-28,sh.603019,87.80864144,92.75462204,87.80864144,92.43488188,127143186.0,11534663678.45
2025-08-29,sh.603019,90.926108,91.2258644,87.3290312,88.428138,117317185.0,10382432162.02
2025-09-01,sh.603019,89.43731788,93.70385064,87.91855212,92.06518232,116603802.0,10589402802.28
2025-09-02,sh.603019,90.9760674,95.40247024,88.927732,89.94690376,110706145.0,10193456531.7
2025-09-03,sh.603019,89.4772854,90.04682256,85.94015988,86.95933164,74669673.0,6560537227.56
2025-09-04,sh.603019,87.0292748,87.50888504,78.26639604,79.41546224,113326373.0,9247517491.26
2025-09-05,sh.603019,79.52537292,82.8826446,77.96663964,82.37305872,68244546.0,5508694347.44
2025-09-08,sh.603019,84.93098,84.93098,82.84267708,83.92180012,55889619.0,4687767382.96
2025-09-09,sh.603019,82.43301,83.37224672,80.7343904,81.07411432,41576196.0,3408379854.2
2025-09-10,sh.603019,82.43301,85.5304928,82.42301812,83.65201936,71733133.0,6045208662.15
2025-09-11,sh.603019,84.431386,92.01522292,83.1324416,92.01522292,89521243.0,7938649450.6
2025-09-12,sh.603019,94.90287624,99.9188,93.8237532,97.89044836,166819462.0,16352209896.59
2025-09-15,sh.603019,100.917988,104.49508104,99.48914916,102.37680248,116104091.0,11867719400.99
2025-09-16,sh.603019,105.913928,112.61847948,105.913928,111.38947824,149278913.0,16546659045.7
2025-09-17,sh.603019,108.05219032,109.660883,105.164537,108.40190612,118721114.0,12776573972.12
2025-09-18,sh.603019,110.78996544,117.78428144,107.32278308,109.83074496,154347377.0,17390564547.36
2025-09-19,sh.603019,109.90068812,112.7084064,105.913928,106.74325404,86669864.0,9367666308.54
2025-09-22,sh.603019,107.7124664,117.41458188,105.913928,117.41458188,120369047.0,13812468876.03
2025-09-23,sh.603019,117.904184,120.39216212,112.11888548,114.63683924,116814111.0,13494162497.31
2025-09-24,sh.603019,114.99654692,118.903372,113.06811408,117.4545494,87095921.0,10146519815.94
2025-09-25,sh.603019,117.89419212,127.57632384,117.46454128,125.398094,97601568.0,12010263267.95
2025-09-26,sh.603019,122.89013212,125.0983376,119.5028848,120.34220272,78274846.0,9543978400.63
2025-09-29,sh.603019,120.36218648,121.1015856,114.90662,120.4521134,75056547.0,8888140056.17
2025-09-30,sh.603019,122.40053,122.900124,118.2538998,119.153169,53080732.0,6374690549.89
2025-10-09,sh.603019,121.76104968,128.01596656,121.76104968,123.05999408,75757670.0,9441085462.95
2025-10-10,sh.603019,120.5020728,120.901748,111.84910472,113.26795168,87868438.0,10133548214.89
2025-10-13,sh.603019,107.24284804,115.42619776,107.24284804,114.58687984,58022469.0,6592684607.02
2025-10-14,sh.603019,115.68598664,116.0556862,104.5150648,105.414334,81478945.0,8920327793.39
2025-10-15,sh.603019,105.5642122,110.8099492,104.85478872,110.24041204,56556073.0,6101959999.46
2025-10-16,sh.603019,107.03301856,109.48102916,106.58338396,107.49264504,36343012.0,3922601615.93
2025-10-17,sh.603019,107.48265316,108.10214972,103.6157956,104.664943,44410682.0,4701601666.94
2025-10-20,sh.603019,107.04301044,107.97225528,104.17534088,104.8647806,38847028.0,4125703122.91
2025-10-21,sh.603019,105.62416348,109.0613702,104.43512976,108.12213348,48876988.0,5241155014.89
2025-10-22,sh.603019,106.93309976,111.36949448,106.57339208,109.5609642,51567829.0,5640071614.06
2025-10-23,sh.603019,108.411898,109.411086,104.91474,107.47266128,34065260.0,3630173390.96
2025-10-24,sh.603019,109.44106164,114.78671744,108.32197108,113.82749696,62997058.0,7051634302.22
2025-10-27,sh.603019,116.21555628,116.56527208,112.91823588,114.90662,55914148.0,6410491821.42
2025-10-28,sh.603019,113.83748884,115.39622212,112.67843076,113.407838,39534482.0,4502967971.58
2025-10-29,sh.603019,113.79752132,116.5053208,112.7084064,114.23716404,47243463.0,5407433822.84
2025-10-30,sh.603019,114.43700164,115.23635204,110.24041204,110.5601522,57531742.0,6467950697.99
2025-10-31,sh.603019,110.909868,111.29955132,105.42432588,106.3635626,50897824.0,5460736432.78
2025-11-03,sh.603019,104.92473188,106.79321344,103.79564944,106.37355448,33332816.0,3512514125.2
2025-11-04,sh.603019,106.79321344,109.8607206,106.17371688,107.13293736,34547080.0,3725358189.28
2025-11-05,sh.603019,104.29524344,107.20288052,103.2161204,106.53342456,34805436.0,3651132116.09
2025-11-06,sh.603019,107.912304,116.34545072,107.912304,114.407026,80317258.0,9048935955.08
2025-11-07,sh.603019,112.5085688,113.22798416,109.98062316,111.06973808,45304704.0,5054972995.07
2025-11-10,sh.603019,111.1097056,111.11969748,104.78484556,106.8131972,47934658.0,5118292753.37
2025-11-11,sh.603019,107.9622634,110.8099492,105.64414724,105.92391988,31445398.0,3384943310.47
2025-11-12,sh.603019,104.91474,105.67412288,103.415958,104.45511352,29962258.0,3129827859.61
2025-11-13,sh.603019,104.4651054,106.29361944,103.49589304,105.4642934,27087473.0,2843738725.36
2025-11-14,sh.603019,102.916364,103.48590116,100.60823972,100.6182316,38653389.0,3948849550.63
2025-11-17,sh.603019,100.22854828,103.2161204,99.75892992,100.7681098,29864909.0,3025026875.54
2025-11-18,sh.603019,99.9188,102.3168512,99.419206,100.34845084,31704697.0,3201787393.13
2025-11-19,sh.603019,99.8188812,101.32765508,99.15941712,99.90880812,22433149.0,2251083481.45
2025-11-20,sh.603019,101.917176,102.69654264,99.87883248,99.87883248,22244570.0,2243270292.34
2025-11-21,sh.603019,97.90044024,98.7197744,95.59231596,95.69223476,32567653.0,3152797040.1
2025-11-24,sh.603019,95.94203176,96.7713578,92.26501992,95.5223728,38124638.0,3616137902.79
2025-11-25,sh.603019,96.4716014,97.10108984,94.60311984,95.10271384,39354172.0,3772593864.8
2025-11-26,sh.603019,94.92286,99.14942524,93.80376944,97.69061076,50814046.0,4969465136.81
2025-11-27,sh.603019,99.13943336,103.92554388,98.919612,99.04950644,57947117.0,5865914879.8
2025-11-28,sh.603019,98.06031032,99.25933592,96.86128472,99.07948208,27751607.0,2730253553.1
2025-12-01,sh.603019,102.2169324,102.2169324,98.919612,101.04788244,46602163.0,4685377012.36
2025-12-02,sh.603019,100.17858888,100.67818288,98.7697338,99.52911668,26603254.0,2648500045.74
2025-12-03,sh.603019,99.53910856,100.17858888,97.5207488,97.95039964,25301754.0,2497977817.11
2025-12-04,sh.603019,96.93122788,100.6182316,95.922048,99.74893804,34170288.0,3358200380.22
2025-12-05,sh.603019,98.50994492,99.54910044,96.7213984,98.84966884,34997787.0,3436997776.06
2025-12-08,sh.603019,98.84966884,102.1170136,98.5199368,101.24772004,41213291.0,4166295527.14
2025-12-09,sh.603019,100.2185564,102.19694864,99.83886496,100.04869444,36408820.0,3673536737.49
2025-12-10,sh.603019,90.04682256,91.70547464,90.04682256,90.04682256,53019412.0,4785746656.96
2025-12-11,sh.603019,88.94771576,90.84617296,88.38817048,89.55722044,99495490.0,8913505375.15
2025-12-12,sh.603019,88.74787816,88.91774012,86.06006244,88.8777726,87923238.0,7681227354.12
2025-12-15,sh.603019,87.86859272,88.58800808,85.36063084,85.41059024,54756724.0,4757120021.19
2025-12-16,sh.603019,85.41059024,85.61042784,82.2331724,82.65283136,53267249.0,4435287804.36
2025-12-17,sh.603019,83.42220612,86.1300056,82.8826446,85.91018424,54774034.0,4630773860.01
2025-12-18,sh.603019,84.7311424,86.5296808,84.6312236,84.81107744,31941514.0,2727902475.65
2025-12-19,sh.603019,85.90019236,87.2291124,85.2806958,85.7802898,42943037.0,3709218252.52
2025-12-22,sh.603019,86.91936412,88.1283816,86.7794778,87.35900684,46385467.0,4062704179.93
2025-12-23,sh.603019,87.34901496,88.3282192,86.429762,87.58882008,43259641.0,3786642029.58
2025-12-24,sh.603019,87.59881196,87.928544,86.58963208,87.0792342,40336365.0,3515087514.02
2025-12-25,sh.603019,87.10920984,87.42895,85.930168,86.60961584,34692792.0,3006907632.28
2025-12-26,sh.603019,86.69954276,86.70953464,85.14080948,85.74032228,43440716.0,3734365994.79
2025-12-29,sh.603019,85.74032228,86.679559,84.93098,85.12082572,44016142.0,3782169757.37
2025-12-30,sh.603019,84.93098,86.74950216,84.70116676,85.32066332,39037802.0,3348871845.2
2025-12-31,sh.603019,85.34064708,86.929356,84.51132104,85.57046032,42798528.0,3666829108.6
2026-01-05,sh.603019,85.75031416,87.88857648,85.75031416,87.7287064,60029519.0,5234380587.72
2026-01-06,sh.603019,87.928544,91.33577508,87.5288688,89.39735036,71000823.0,6355812791.51
2026-01-07,sh.603019,89.427326,90.16672512,88.35819484,89.06761832,47022765.0,4196901907.79
2026-01-08,sh.603019,89.427326,95.85210484,89.427326,92.924484,99676468.0,9323649598.13
2026-01-09,sh.603019,92.924484,93.71384252,91.175905,93.26420792,64511002.0,5983886531.22
2026-01-12,sh.603019,93.56396432,96.79134156,92.81457332,95.91205612,77538849.0,7359897237.15
2026-01-13,sh.603019,95.94203176,96.60149584,91.34576696,91.425702,71201935.0,6653411989.72
2026-01-14,sh.603019,91.425702,94.91286812,91.33577508,93.35413484,73386479.0,6875090583.2
2026-01-15,sh.603019,92.93447588,93.90368824,91.73545028,93.03439468,45127226.0,4194439202.79
2026-01-16,sh.603019,93.90368824,94.55316044,92.1251336,93.40409424,49966308.0,4661368735.92
2026-01-19,sh.603019,94.2733878,95.00279504,92.63471948,94.16347712,52647278.0,4946295272.67
2026-01-20,sh.603019,94.1235096,95.86209672,91.5256208,91.78540968,50846959.0,4722395179.38
2026-01-21,sh.603019,91.20588064,98.79970944,91.09596996,98.15023724,124277946.0,12008269517.11
2026-01-22,sh.603019,100.917988,102.79646144,96.3217232,96.8712766,91161479.0,9007021032.95
2026-01-23,sh.603019,95.90206424,96.8712766,94.423266,95.83212108,59904894.0,5717856004.55
2026-01-26,sh.603019,96.20182064,96.8712766,92.94446776,93.15429724,53026863.0,4997574263.3
2026-01-27,sh.603019,93.174281,93.50401304,90.75624604,92.70466264,41127186.0,3798814529.73
2026-01-28,sh.603019,93.21424852,93.66388312,90.926108,91.48565328,42564898.0,3916216742.02
2026-01-29,sh.603019,91.4756614,92.09515796,89.50726104,89.53723668,45929872.0,4158974182.71
2026-01-30,sh.603019,89.2774478,90.3265952,87.0292748,89.69710676,39862189.0,3541332668.13
2026-02-02,sh.603019,88.927732,89.68711488,87.0292748,87.09921796,29269873.0,2583789192.3
2026-02-03,sh.603019,87.80864144,88.428138,86.179965,87.678747,29701216.0,2596081712.58
2026-02-04,sh.603019,87.2291124,87.2291124,85.55047656,86.15998124,28970919.0,2495830721.36
2026-02-05,sh.603019,85.12,86.11,85.03,85.4,16750586.0,1432130131.6
2026-02-06,sh.603019,85.4,87.44,85.05,86.79,29250684.0,2534184721.95
2026-02-09,sh.603019,90.0,91.33,88.64,91.23,50058836.0,4505622233.93
2026-02-10,sh.603019,91.23,93.0,90.98,91.2,42151039.0,3875114500.11
2026-02-11,sh.603019,91.26,91.28,89.2,89.38,28809724.0,2590508673.28
2026-02-12,sh.603019,90.38,92.22,89.72,92.12,40901213.0,3730751741.33
2026-02-13,sh.603019,91.0,92.73,90.6,91.7,33484090.0,3082426738.14
2026-02-24,sh.603019,93.5,93.87,91.2,91.5,32230103.0,2967508155.7
2026-02-25,sh.603019,91.0,91.69,89.89,90.62,34078001.0,3082372516.05
2026-02-26,sh.603019,90.83,92.51,89.9,92.03,38537639.0,3519726336.69
2026-02-27,sh.603019,91.01,93.49,89.81,92.18,43761168.0,4007478656.46
2026-03-02,sh.603019,90.0,91.31,89.67,90.45,36417339.0,3292388062.83
2026-03-03,sh.603019,88.99,88.99,83.0,83.28,75178280.0,6436231127.87
2026-03-04,sh.603019,81.0,84.16,80.6,82.33,31009317.0,2564607834.75
2026-03-05,sh.603019,83.9,85.7,83.47,84.79,35510027.0,3005600755.0
2026-03-06,sh.603019,84.58,85.45,83.66,84.19,21640859.0,1823760295.22
