date,code,open,high,low,close,volume,amount
2021-08-23,sz.000858,178.8617018,183.5241174,177.570438,178.5583848,41836373,8684039375.14
2021-08-24,sz.000858,180.25696,184.286743,176.79048,181.9902,41190375,8606900863.09
2021-08-25,sz.000858,182.7528256,189.7291166,182.5621692,188.48985,38179885,8242448408.28
2021-08-26,sz.000858,188.3771894,188.3771894,178.52372,179.5376654,33228274,6953022887.87
2021-08-27,sz.000858,179.5289992,181.9902,177.22379,178.2464016,27190967,5618956602.37
2021-08-30,sz.000858,180.69027,181.9815338,172.8560252,179.39034,34732935,7094644686.32
2021-08-31,sz.000858,178.95703,180.25696,172.804028,174.7885878,31855168,6427633946.75
2021-09-01,sz.000858,174.797254,182.9088172,170.72414,180.0056402,50364302,10338242748.19
2021-09-02,sz.000858,180.2049628,180.343622,173.497324,174.3899426,37460164,7590159048.52
2021-09-03,sz.000858,173.150676,179.000361,170.5248174,178.4283918,34479528,6994069662.16
2021-09-06,sz.000858,177.22379,186.583286,175.533881,183.2554652,44070983,9315590567.97
2021-09-07,sz.000858,182.42351,185.5606744,181.1755772,183.6974414,25937444,5483883908.22
2021-09-08,sz.000858,183.72344,184.3387402,178.52372,180.0143064,21553677,4498947533.97
2021-09-09,sz.000858,180.0229726,181.3055702,177.6571,179.6763246,17757531,3672149965.06
2021-09-10,sz.000858,179.6763246,185.803328,178.95703,185.196694,31883473,6744385341.51
2021-09-13,sz.000858,183.72344,186.063314,179.3816738,180.0749698,26342826,5526541970.76
2021-09-14,sz.000858,180.0143064,181.8255422,177.8650888,178.2897326,23596742,4881373812.36
2021-09-15,sz.000858,175.92386,177.267121,170.464154,172.02407,38203577,7625717389.99
2021-09-16,sz.000858,169.85752,172.9600196,166.7636866,170.72414,33538704,6590288015.27
2021-09-17,sz.000858,169.85752,177.6571,168.1849434,175.013909,29439702,5901688645.79
2021-09-22,sz.000858,170.72414,172.02407,167.647639,168.0636166,24908981,4852441663.84
2021-09-23,sz.000858,168.8349084,170.6201456,166.9456768,168.4882604,18811296,3661752983.86
2021-09-24,sz.000858,168.037618,176.79048,167.3096572,173.7746424,35053997,7023121318.73
2021-09-27,sz.000858,179.9276444,191.1503734,179.9276444,191.1503734,76006557,16521941311.03
2021-09-28,sz.000858,190.9337184,192.909612,185.45668,188.0045428,41145863,8943981561.71
2021-09-29,sz.000858,187.9612118,191.7223426,184.330074,189.5124616,31136680,6769523772.76
2021-09-30,sz.000858,188.05654,193.5075798,188.05654,190.1277618,33190568,7321693530.51
2021-10-08,sz.000858,191.176372,204.5049876,188.576512,197.7800164,41627865,9498183647.3
2021-10-11,sz.000858,198.8372928,203.8550226,195.4141438,197.416036,26146575,5990773979.15
2021-10-12,sz.000858,196.72274,199.3226,193.2649262,198.7506308,20342373,4632611152.8
2021-10-13,sz.000858,197.9100094,211.975252,196.896064,207.5468238,34777422,8246438709.19
2021-10-14,sz.000858,206.25556,212.0445816,204.6609792,207.9888,24058960,5770465386.36
2021-10-15,sz.000858,204.348996,206.1515656,199.3312662,203.0663984,30215786,7060878521.16
2021-10-18,sz.000858,194.946169,194.946169,184.15675,186.6006184,52228655,11335046052.6
2021-10-19,sz.000858,184.59006,191.4190256,184.59006,189.7637814,27151971,5912575916.81
2021-10-20,sz.000858,191.08971,192.562964,187.9525456,190.6044028,17171231,3767655125.46
2021-10-21,sz.000858,191.52302,193.212929,189.78978,191.5143538,15781385,3483824011.23
2021-10-22,sz.000858,192.996274,198.3866504,191.5316862,195.0154986,22614868,5094183379.52
2021-10-25,sz.000858,193.25626,194.8941718,188.92316,190.9683832,24815964,5460700048.8
2021-10-26,sz.000858,190.9683832,193.25626,188.92316,191.2283692,17197532,3792558316.47
2021-10-27,sz.000858,189.7984462,191.2283692,185.45668,187.18992,20048493,4335703423.24
2021-10-28,sz.000858,188.05654,190.6390676,185.2660236,186.5746198,21925324,4755135735.19
2021-10-29,sz.000858,186.5572874,191.9823286,186.3926296,187.6318962,23633532,5148687289.78
2021-11-01,sz.000858,173.324,181.5742224,170.637478,177.6051028,58003653,11775758002.68
2021-11-02,sz.000858,176.7731476,178.437058,173.020683,174.4679384,34933447,7067034632.45
2021-11-03,sz.000858,174.6412624,175.49055,172.1800616,172.5700406,21891968,4378799392.72
2021-11-04,sz.000858,174.2686158,180.1356332,173.583986,179.2343484,29864162,6104737433.18
2021-11-05,sz.000858,179.2343484,186.063314,179.2256822,182.2588522,30142997,6372245155.61
2021-11-08,sz.000858,181.9902,184.0787542,180.0489712,182.8481538,15637386,3290544446.15
2021-11-09,sz.000858,181.7128816,184.3127416,179.866981,180.9242574,15503934,3250092170.94
2021-11-10,sz.000858,180.9242574,181.8862056,176.097184,178.263734,17200267,3532443273.27
2021-11-11,sz.000858,178.2290692,179.39034,176.4264996,178.9656962,16652085,3416388386.15
2021-11-12,sz.000858,179.7109894,179.9709754,176.0191882,176.660487,15788512,3227721076.22
2021-11-15,sz.000858,177.6484338,179.82365,176.0191882,177.397114,20724480,4251527056.15
2021-11-16,sz.000858,178.4283918,184.980039,177.7524282,183.72344,31435675,6618521492.36
2021-11-17,sz.000858,182.900151,184.59006,181.12358,183.2987962,17421460,3668952608.0
2021-11-18,sz.000858,181.9815338,182.8394876,179.866981,180.7942644,13220262,2759820062.09
2021-11-19,sz.000858,180.1529656,187.62323,179.736988,184.243412,24292959,5188161635.04
2021-11-22,sz.000858,185.45668,192.38964,184.59006,187.1639214,31978276,6972004751.38
2021-11-23,sz.000858,186.3146338,189.35647,184.9020432,186.149976,19386637,4190535756.9
2021-11-24,sz.000858,188.92316,197.5720276,188.92316,194.4868604,47627847,10627879572.45
2021-11-25,sz.000858,197.58936,198.585973,192.5369654,193.212929,28462827,6397889416.91
2021-11-26,sz.000858,193.1349332,193.7588996,189.8591096,193.1349332,16247295,3602490660.95
2021-11-29,sz.000858,191.08971,194.9895,190.873055,194.7555126,19236411,4292901366.93
2021-11-30,sz.000858,194.9721676,195.42281,188.92316,188.92316,23014598,5063790458.63
2021-12-01,sz.000858,193.2735924,194.8508408,189.0184882,191.1417072,19248621,4256218970.15
2021-12-02,sz.000858,191.176372,194.036218,190.0584322,193.039605,17530974,3898019542.27
2021-12-03,sz.000858,193.68957,201.749136,193.516246,198.845959,34030029,7800955259.83
2021-12-06,sz.000858,200.18922,203.6557,198.45598,201.315826,28878669,6720204454.39
2021-12-07,sz.000858,203.6557,207.685483,202.052453,202.78908,30890437,7293861939.73
2021-12-08,sz.000858,202.7977462,211.8972562,200.4318736,211.45528,39786891,9593919616.05
2021-12-09,sz.000858,212.3219,220.9534352,210.3113416,217.52162,47297011,11826016126.15
2021-12-10,sz.000858,215.5457264,217.434958,211.88859,214.05514,33227496,8208024535.95
2021-12-13,sz.000858,218.38824,222.9033302,215.78838,216.6376676,35535037,9000318795.65
2021-12-14,sz.000858,215.78838,219.25486,213.3705102,216.655,22557352,5643907697.88
2021-12-15,sz.000858,215.008422,215.7103842,210.58866,211.281956,26356782,6461313841.89
2021-12-16,sz.000858,211.715266,212.408562,205.432271,211.02197,28971230,6971022371.6
2021-12-17,sz.000858,209.72204,209.72204,203.5343732,203.7943592,25483452,6040427057.02
2021-12-20,sz.000858,203.7943592,207.5294914,203.7943592,204.52232,18882740,4471963227.81
2021-12-21,sz.000858,204.52232,205.82225,198.45598,200.752523,23454247,5446651924.95
2021-12-22,sz.000858,201.48915,202.35577,199.7472438,201.1598344,15199808,3524368526.66
2021-12-23,sz.000858,202.2084446,207.5208252,198.45598,205.3976062,28205116,6610688703.79
2021-12-24,sz.000858,205.4842682,212.5905522,205.4842682,209.6700428,28942925,7012988263.48
2021-12-27,sz.000858,207.035518,207.55549,201.92246,204.7043102,18405368,4343284678.83
2021-12-28,sz.000858,204.782306,207.6248196,204.08901,205.8915796,14368216,3406736939.75
2021-12-29,sz.000858,205.8915796,205.8915796,194.209542,195.596134,34975896,7998864967.17
2021-12-30,sz.000858,195.0501634,197.15605,193.6982362,195.42281,26476873,5963128773.13
2021-12-31,sz.000858,195.4314762,195.682796,191.1850382,192.9616092,24043667,5340438229.18
2022-01-04,sz.000858,192.9616092,194.0188856,188.9924896,193.7415672,20178673,4460248125.25
2022-01-05,sz.000858,193.1002684,196.9653936,191.5490186,193.906225,20562209,4608528413.24
2022-01-06,sz.000858,193.5335784,195.85612,189.0444868,190.2057576,19764347,4366330606.35
2022-01-07,sz.000858,190.1970914,191.08971,187.6405624,188.6285092,16868239,3671458253.97
2022-01-10,sz.000858,186.9645988,188.6025106,182.0941944,186.2886352,20842313,4477043193.07
2022-01-11,sz.000858,185.88999,187.493237,184.633391,184.9020432,13162334,2819944192.73
2022-01-12,sz.000858,186.3319662,189.0011558,185.6473364,188.8538304,17894272,3865370481.83
2022-01-13,sz.000858,189.78978,189.8244448,180.25696,181.036918,26762334,5678771184.31
2022-01-14,sz.000858,179.3990062,182.2848508,178.95703,179.563664,13646759,2844403651.99
2022-01-17,sz.000858,179.1996836,181.12358,176.35717,180.9849208,16936224,3497443782.49
2022-01-18,sz.000858,180.950256,185.4393476,178.7923722,183.2814638,18474875,3904185741.85
2022-01-19,sz.000858,185.7426646,185.7426646,180.4996136,182.683496,14401864,3039014332.5
2022-01-20,sz.000858,182.683496,185.45668,180.560277,184.7807164,19468561,4146262233.69
2022-01-21,sz.000858,184.59006,189.5471264,183.0474764,188.2818612,23974661,5195067275.15
2022-01-24,sz.000858,187.18992,188.8624966,184.763384,186.3839634,13800857,2968569093.09
2022-01-25,sz.000858,185.066701,186.3233,180.25696,180.5689432,15558209,3284058720.04
2022-01-26,sz.000858,180.343622,183.5154512,175.2565626,178.567051,21509539,4439752203.77
2022-01-27,sz.000858,179.39034,183.0821412,176.0711854,176.270508,20992325,4339832716.53
2022-01-28,sz.000858,176.7818138,177.917086,171.59076,171.9200756,25781484,5160817186.02
2022-02-07,sz.000858,173.324,175.8025332,168.7135816,169.5282044,24808023,4899710426.26
2022-02-08,sz.000858,169.554203,170.1435046,160.238038,164.6578,30451687,5740104552.24
2022-02-09,sz.000858,163.79118,170.117506,163.79118,169.8401876,23742057,4585366336.72
2022-02-10,sz.000858,169.8401876,170.29083,165.6197482,167.2923248,16874256,3254038393.45
2022-02-11,sz.000858,166.82435,172.1367306,165.827737,168.3582674,27374928,5365712651.99
2022-02-14,sz.000858,166.39104,172.630704,165.95773,171.5994262,19031649,3747901334.87
2022-02-15,sz.000858,172.284056,173.6359832,170.550816,173.150676,17739048,3537513875.9
2022-02-16,sz.000858,173.1680084,173.8699706,171.5560952,172.8126942,11908541,2375601897.13
2022-02-17,sz.000858,173.2200056,173.4626592,170.5681484,171.1054528,13054643,2583633352.2
2022-02-18,sz.000858,170.72414,172.7866956,169.380879,172.45738,11614365,2297554258.88
2022-02-21,sz.000858,173.0726802,176.7558152,171.417436,172.630704,15192567,3044972483.46
2022-02-22,sz.000858,171.4261022,171.5300966,166.261047,167.604308,19367733,3749346933.76
2022-02-23,sz.000858,167.4916474,170.3601596,166.4170386,170.030844,14797343,2875772247.49
2022-02-24,sz.000858,168.12428,168.9909,162.317926,163.5225278,25960987,4940978924.44
2022-02-25,sz.000858,164.6491338,167.2316614,164.6491338,165.0737776,13666374,2611874594.72
2022-02-28,sz.000858,165.52442,165.95773,162.05794,164.6578,14309281,2700046288.0
2022-03-01,sz.000858,164.744462,168.0289518,164.7097972,167.4223178,20028521,3853590512.0
2022-03-02,sz.000858,165.784406,165.8797342,163.271208,163.964504,15016488,2841554768.0
2022-03-03,sz.000858,164.4584774,164.831124,157.72484,157.7855034,31288930,5775912448.0
2022-03-04,sz.000858,155.9742676,157.1962018,152.4211256,152.8457694,31292974,5577557248.0
2022-03-07,sz.000858,151.008535,151.008535,143.208955,143.85892,47738912,8036888576.0
2022-03-08,sz.000858,147.3167338,148.62533,143.2262874,144.075575,33350717,5611790592.0
2022-03-09,sz.000858,144.72554,145.3581726,135.886016,141.1550656,39921892,6488949504.0
2022-03-10,sz.000858,145.5834938,149.2666288,143.8502538,149.188633,41773972,7087219712.0
2022-03-11,sz.000858,146.45878,149.535281,144.9248626,148.8593174,25797110,4378228992.0
2022-03-14,sz.000858,146.4501138,146.9700858,144.0929074,144.0929074,18140303,3043660704.0
2022-03-15,sz.000858,141.25906,142.8016436,135.799354,136.189333,31294532,5020399616.0
2022-03-16,sz.000858,141.25906,143.468941,134.4474268,142.818976,34899969,5622615296.0
2022-03-17,sz.000858,146.02547,148.9373132,143.85892,145.8001488,34829153,5869489664.0
2022-03-18,sz.000858,144.72554,146.5281096,142.9923,145.505498,18585704,3107945064.98
2022-03-21,sz.000858,147.108745,147.1347436,143.0009662,143.6076002,17105436,2842223351.47
2022-03-22,sz.000858,143.598934,144.985526,142.12568,142.385666,12290508,2029492693.4
2022-03-23,sz.000858,142.4029984,144.9768598,141.0337388,143.8069228,18463877,3049956331.39
2022-03-24,sz.000858,142.472328,142.472328,139.2485016,139.8378032,19808605,3207819881.02
2022-03-25,sz.000858,141.735701,141.7616996,135.7820216,136.2239978,21364110,3393360049.65
2022-03-28,sz.000858,133.719466,133.719466,130.42631,131.032944,27446634,4167231496.01
2022-03-29,sz.000858,130.8509538,133.2601574,129.2217082,129.2823716,23521130,3552871390.39
2022-03-30,sz.000858,132.5668614,136.016009,130.9982792,136.016009,32367269,4993851923.04
2022-03-31,sz.000858,135.19272,135.712692,133.89279,134.3780972,20136648,3126382334.03
2022-04-01,sz.000858,134.3261,140.5917626,133.849459,138.572538,28749478,4581621784.21
2022-04-06,sz.000858,136.92596,140.6177612,136.49265,138.6678662,17944305,2866077985.98
2022-04-07,sz.000858,137.79258,142.0303518,137.3852686,139.049179,18557169,2996915190.3
2022-04-08,sz.000858,139.52582,141.0597374,138.22589,139.1705058,16544628,2661592736.85
2022-04-11,sz.000858,136.9346262,137.5152616,132.462867,133.1648292,24257721,3752027960.17
2022-04-12,sz.000858,133.6848012,142.7236478,133.6848012,142.0216856,33416391,5333900918.56
2022-04-13,sz.000858,141.085736,142.9923,139.2051706,140.6697584,23885459,3897075048.49
2022-04-14,sz.000858,142.039018,149.92526,141.1983966,148.6859934,43119146,7300575091.35
2022-04-15,sz.000858,147.3254,150.79188,146.112132,147.238738,22643958,3871918113.21
2022-04-18,sz.000858,146.372118,146.372118,142.3076702,144.8815316,18411135,3062759959.97
2022-04-19,sz.000858,145.59216,147.3254,142.1603448,142.9923,16499269,2740121569.74
2022-04-20,sz.000858,143.4169438,146.45878,140.0804568,143.772258,20634107,3422120976.35
2022-04-21,sz.000858,142.12568,144.3182286,140.1151216,140.8950796,17122910,2807078120.19
2022-04-22,sz.000858,140.8864134,144.0149116,137.7752476,143.3649466,20014422,3268498121.98
2022-04-25,sz.000858,140.39244,140.9297444,133.89279,134.3261,28635086,4556272568.36
2022-04-26,sz.000858,134.3261,140.2277822,133.9274548,137.35927,25453892,4045539333.43
2022-04-27,sz.000858,137.35927,141.6143742,137.35927,139.8638018,23927789,3849331177.97
2022-04-28,sz.000858,139.872468,144.4308892,139.135841,143.728927,25711994,4235742307.12
2022-04-29,sz.000858,144.118906,144.985526,137.6712532,140.5051006,44874280,7241581132.87
2022-05-05,sz.000858,138.6592,142.5243252,137.922573,139.9937948,24480158,3973322638.0
2022-05-06,sz.000858,136.9519586,138.3645492,135.6346962,136.1113372,19086139,3007833166.94
2022-05-09,sz.000858,134.3347662,135.62603,132.0122246,134.1354436,18623627,2874663797.29
2022-05-10,sz.000858,130.85962,135.62603,129.646352,134.6120846,20108042,3092729203.53
2022-05-11,sz.000858,134.6120846,138.355883,134.3261,136.5013162,24390245,3846228733.73
2022-05-12,sz.000858,135.366044,138.3818816,135.279382,136.9952896,17068607,2699983161.02
2022-05-13,sz.000858,138.312552,138.5465394,135.236051,136.0073428,15255576,2401106195.14
2022-05-16,sz.000858,137.7665814,137.7752476,133.632804,134.4820916,17765146,2767778350.85
2022-05-17,sz.000858,134.4734254,135.6173638,134.0141168,135.322713,13341235,2078095645.91
2022-05-18,sz.000858,135.496037,135.6173638,132.982839,133.9621196,16560504,2560375191.78
2022-05-19,sz.000858,132.4801994,133.112832,131.9168964,133.0435024,14878282,2273068154.03
2022-05-20,sz.000858,133.719466,141.2417276,133.1908278,140.7997514,45229675,7222107584.62
2022-05-23,sz.000858,140.0544582,140.5484316,136.92596,138.1652266,27645321,4410754725.38
2022-05-24,sz.000858,139.0318466,139.52582,135.4353736,135.6866934,18855234,2974172508.85
2022-05-25,sz.000858,135.582699,137.4112672,134.3261,136.449319,16395707,2565767960.34
2022-05-26,sz.000858,136.05934,138.399214,134.3261,136.2499964,19431756,3043721248.09
2022-05-27,sz.000858,138.355883,139.95913,136.3106598,136.882629,21068308,3356383642.3
2022-05-30,sz.000858,138.6678662,145.375505,138.6592,144.0149116,51093206,8416468103.97
2022-05-31,sz.000858,143.85892,149.7692684,143.0096324,148.538668,48654483,8293724659.27
2022-06-01,sz.000858,149.9165938,150.185246,146.4847786,147.6807142,21930245,3739434437.68
2022-06-02,sz.000858,146.4847786,148.19202,146.1814616,147.108745,16522354,2801365549.2
2022-06-06,sz.000858,147.75871,150.3499038,144.3615596,149.8732628,27814175,4762415124.05
2022-06-07,sz.000858,150.011922,154.605008,149.05864,150.8958744,29507703,5177758449.39
2022-06-08,sz.000858,151.051866,155.9829338,149.9425924,154.3710206,32527871,5770812837.22
2022-06-09,sz.000858,154.5703432,155.904938,152.3431298,152.5337862,20783889,3688662162.24
2022-06-10,sz.000858,151.6844986,154.69167,150.35857,153.7557204,21563045,3804237561.42
2022-06-13,sz.000858,151.8231578,152.871768,148.278682,149.5006162,26434591,4580799636.06
2022-06-14,sz.000858,147.498724,150.79188,147.022083,150.618556,19733328,3385240807.7
2022-06-15,sz.000858,150.6358884,155.904938,148.8766498,153.6343936,32544108,5743255076.67
2022-06-16,sz.000858,154.25836,156.85822,153.39174,153.911712,20500586,3668452193.78
2022-06-17,sz.000858,152.95843,157.0142116,152.95843,157.0142116,28620361,5145018831.72
2022-06-20,sz.000858,158.3834712,162.05794,155.12498,159.0161038,31195435,5705313088.65
2022-06-21,sz.000858,158.2968092,160.75801,156.381579,157.4301892,21811575,3990195909.14
2022-06-22,sz.000858,157.72484,158.4874656,154.041705,154.3190234,22352764,4006768455.38
2022-06-23,sz.000858,154.345022,156.771558,154.0763698,156.338248,15972518,2867621353.45
2022-06-24,sz.000858,157.29153,160.7666762,155.9136042,160.3247,24518674,4504178660.84
2022-06-27,sz.000858,162.05794,169.5802016,162.05794,167.25766,36637471,7058190240.4
2022-06-28,sz.000858,167.25766,173.2113394,165.697744,173.020683,31678590,6232395065.79
2022-06-29,sz.000858,173.33760769,173.46959734,167.6268555,168.946752,28997090,5625269618.95
2022-06-30,sz.000858,169.10513958,180.385855,169.10513958,177.68446683,42521450,8521483468.39
2022-07-01,sz.000858,177.81645648,180.385855,174.226338,178.625993,21936590,4418343886.3
2022-07-04,sz.000858,176.85733169,178.4500068,174.4023242,176.90132824,22587623,4525333760.97
2022-07-05,sz.000858,177.43808615,178.32681646,172.69525806,174.76309591,26296492,5224558250.28
2022-07-06,sz.000858,174.33192972,175.65182622,170.13465885,171.35776294,22763312,4459016819.63
2022-07-07,sz.000858,171.35776294,171.35776294,165.84059557,168.58598029,26677066,5095578644.08
2022-07-08,sz.000858,170.13465885,171.4105588,168.03162376,169.5627037,16409671,3167643747.28
2022-07-11,sz.000858,167.20448862,167.8908348,163.667166,166.64133278,19257469,3621672903.27
2022-07-12,sz.000858,166.11337418,169.59790094,165.02225974,167.18689,16993479,3229606651.08
2022-07-13,sz.000858,166.80851967,171.39296018,165.08385491,169.9146761,18991870,3656106376.92
2022-07-14,sz.000858,168.21640927,170.31944436,166.35095555,167.30128103,15107930,2880607577.87
2022-07-15,sz.000858,167.31887965,172.03530981,165.427028,167.0988969,20720892,3979169055.29
2022-07-18,sz.000858,166.86131553,167.0109038,162.0832902,164.83747423,17803426,3320023854.5
2022-07-19,sz.000858,164.547097,166.87891415,164.1071315,166.2189659,12021415,2259044880.28
2022-07-20,sz.000858,167.8908348,168.5067865,165.427028,166.40375141,11249772,2134516122.7
2022-07-21,sz.000858,166.29815969,167.0988969,164.17752598,164.2831177,11072844,2082697378.03
2022-07-22,sz.000858,164.9870625,165.8669935,162.787235,163.58797221,11698563,2180797972.02
2022-07-25,sz.000858,164.41510735,165.8669935,162.56725225,165.49742248,12479902,2336297100.14
2022-07-26,sz.000858,166.18376866,168.946752,166.02538108,168.05802169,13747445,2627310530.76
2022-07-27,sz.000858,167.23088655,168.07562031,165.03985836,165.5150211,9749124,1844277552.98
2022-07-28,sz.000858,165.82299695,167.6268555,164.41510735,164.65268872,9260926,1744687638.89
2022-07-29,sz.000858,164.09833219,164.09833219,156.4517318,156.9796904,34031091,6166191233.29
2022-08-01,sz.000858,157.0676835,158.37878069,155.58939942,157.13807798,15608201,2791638728.27
2022-08-02,sz.000858,155.6597939,157.20847246,152.29845748,154.56867946,17673794,3114640798.56
2022-08-03,sz.000858,154.76226428,157.9476145,153.3719733,153.62715329,15403054,2710918104.25
2022-08-04,sz.000858,153.6359526,156.17895319,153.50396295,155.55420218,13368553,2350151179.61
2022-08-05,sz.000858,156.14375595,157.9476145,155.05264151,157.66603658,12701711,2260873414.15
2022-08-08,sz.000858,156.8916973,159.73387443,156.1877525,156.54852421,13025113,2331931587.74
2022-08-09,sz.000858,155.79178355,156.627718,155.06144082,155.73018838,8538631,1511033062.51
2022-08-10,sz.000858,154.49828498,156.1877525,152.228063,153.107994,14354932,2503385132.53
2022-08-11,sz.000858,153.97912569,156.54852421,153.59195605,156.54852421,13967051,2468539673.55
2022-08-12,sz.000858,156.8916973,158.08840346,155.49260701,157.2436697,10861895,1936659422.43
2022-08-15,sz.000858,156.30214353,158.0356076,154.6038767,154.867856,13844011,2446911672.63
2022-08-16,sz.000858,154.84145807,156.0117663,153.7239457,154.19030913,10997543,1929236389.49
2022-08-17,sz.000858,154.26070361,155.72138907,153.12559262,155.0438422,12211628,2144649842.49
2022-08-18,sz.000858,153.987925,154.1639112,151.35693131,152.60643333,17955216,3110937647.55
2022-08-19,sz.000858,151.7880975,154.11991465,151.348132,152.80881746,12603780,2189742324.96
2022-08-22,sz.000858,151.6121113,152.62403195,149.81705206,150.9081665,15513018,2663565072.08
2022-08-23,sz.000858,151.0841527,151.60331199,147.3884425,147.828408,22924845,3868689013.11
2022-08-24,sz.000858,147.79321076,149.1483045,146.068546,147.15966044,18025460,3021329672.78
2022-08-25,sz.000858,147.73161559,149.57067138,147.15086113,149.06911071,17485390,2949656306.11
2022-08-26,sz.000858,151.24254028,152.9320078,149.20110036,149.6762631,24378683,4181288061.74
2022-08-29,sz.000858,147.33564664,149.19230105,145.188615,145.49659085,25430564,4218793349.6
2022-08-30,sz.000858,144.308684,144.97743156,142.71600889,144.33508193,18643252,3046737234.46
2022-08-31,sz.000858,143.3407599,147.81080938,142.9887875,147.11566389,26733348,4444754516.0
2022-09-01,sz.000858,146.068546,146.068546,143.6927323,143.92151436,15844189,2607493588.41
2022-09-02,sz.000858,144.73985019,144.73985019,141.67769031,142.40803304,15592424,2524463031.79
2022-09-05,sz.000858,140.78896,141.09693585,138.21076217,139.92662762,22432012,3551118312.01
2022-09-06,sz.000858,139.92662762,141.97686685,139.26667937,141.25532343,14693767,2346001119.1
2022-09-07,sz.000858,140.78896,140.79775931,139.029098,139.85623314,14150787,2245681617.84
2022-09-08,sz.000858,140.79775931,141.97686685,139.80343728,139.97062417,14867178,2377952563.71
2022-09-09,sz.000858,140.00582141,142.24084615,139.34587316,142.07365926,20318847,3269738015.06
2022-09-13,sz.000858,144.20309228,145.16221707,142.2848427,143.98310953,22455447,3676000836.57
2022-09-14,sz.000858,142.548822,143.63113713,141.65129238,142.9007944,14343803,2325532849.69
2022-09-15,sz.000858,143.13837577,146.5085115,142.6368151,144.6606564,24493222,4041538788.81
2022-09-16,sz.000858,144.308684,145.00382949,141.47530618,141.73928548,17805222,2882822677.64
2022-09-19,sz.000858,141.44890825,145.30300603,140.36659312,143.44635162,17237096,2810086974.82
2022-09-20,sz.000858,144.308684,146.03334876,142.69841027,145.88376049,18488126,3048376405.91
2022-09-21,sz.000858,145.35580189,145.86616187,143.6927323,143.82472195,12764774,2093973068.43
2022-09-22,sz.000858,142.548822,142.80400199,139.51306005,139.8210359,18211404,2916788948.25
2022-09-23,sz.000858,139.029098,141.33451722,138.9411049,140.02342003,12025892,1916778416.38
2022-09-26,sz.000858,139.029098,144.29988469,138.82671387,142.64561441,21041611,3411760442.77
2022-09-27,sz.000858,144.24708883,150.8201734,142.54002269,150.31861273,35443991,5929460447.01
2022-09-28,sz.000858,150.07223205,151.82329474,149.1483045,149.2362976,24431050,4176068020.04
2022-09-29,sz.000858,151.77929819,151.80569612,147.43243905,148.27717281,17564712,2971843108.63
2022-09-30,sz.000858,149.49147759,151.348132,148.58514866,148.91072313,16701001,2843915545.0
2022-10-10,sz.000858,149.1483045,149.6762631,139.63625039,139.8210359,25650912,4179453267.87
2022-10-11,sz.000858,139.82983521,140.79775931,136.3013119,139.54825729,16389813,2587296299.44
2022-10-12,sz.000858,139.2930773,139.2930773,133.749512,137.7971946,24238545,3740666460.43
2022-10-13,sz.000858,136.38050569,136.98765808,134.19827681,135.13100367,19140141,2950015935.78
2022-10-14,sz.000858,136.01973398,141.0529393,136.01093467,140.01462072,22872293,3619001261.22
2022-10-17,sz.000858,138.74752008,139.4690635,136.64448499,138.72112215,14670055,2301214745.08
2022-10-18,sz.000858,139.62745108,141.65129238,139.04669662,139.6450497,13968916,2225727909.43
2022-10-19,sz.000858,139.47786281,139.47786281,135.509374,135.9493395,17392932,2703461176.3
2022-10-20,sz.000858,134.1894775,137.9731808,133.749512,135.64136365,16120045,2484510763.75
2022-10-21,sz.000858,135.509374,135.62376503,133.3095465,133.88150165,16321002,2488390106.18
2022-10-24,sz.000858,131.99844931,132.35042171,125.17018475,126.03251713,34403887,5003671162.98
2022-10-25,sz.000858,123.85028825,127.82757637,123.63910481,125.05579372,20962963,2986369243.41
2022-10-26,sz.000858,125.7421399,128.3819329,124.950202,126.1821054,17959323,2580590731.16
2022-10-27,sz.000858,127.57239638,127.65159017,120.18097598,120.6385401,36965491,5154612979.53
2022-10-28,sz.000858,121.04330836,123.16394207,119.82020427,120.9905125,25586220,3534562740.41
2022-10-31,sz.000858,118.9666712,120.0225884,116.44126923,117.4707885,22591665,3030064410.1
2022-11-01,sz.000858,119.27464705,125.46056198,117.39159471,125.46056198,39155069,5440179979.74
2022-11-02,sz.000858,124.950202,128.80429978,123.24313586,126.37569022,31867439,4565035333.85
2022-11-03,sz.000858,124.07907031,124.5102365,122.93516001,123.99987652,19281931,2710951378.21
2022-11-04,sz.000858,123.6303055,133.749512,123.49831585,131.98965,47898344,7099560990.25
2022-11-07,sz.000858,131.109719,134.3654637,129.94821008,132.99277134,22869078,3435765568.23
2022-11-08,sz.000858,132.87838031,133.98709337,128.56671841,129.78102319,23567786,3491479586.25
2022-11-09,sz.000858,129.5258432,131.15371555,127.66038948,127.9419674,15124223,2208052553.76
2022-11-10,sz.000858,127.14123019,128.96268736,126.45488401,128.25874256,17674813,2568169858.62
2022-11-11,sz.000858,133.30074719,133.3095465,128.94508874,132.00724862,36853384,5514689559.22
2022-11-14,sz.000858,132.869581,136.75007671,131.9016569,132.2536293,28195258,4287401009.36
2022-11-15,sz.000858,132.2536293,136.389305,130.59935902,135.64136365,27656711,4223081944.53
2022-11-16,sz.000858,135.64136365,137.7092015,134.69983748,135.69415951,18259366,2827414142.72
2022-11-17,sz.000858,135.0694085,137.08445049,132.869581,134.2774706,16558118,2529048876.58
2022-11-18,sz.000858,134.629443,136.6532843,134.37426301,135.16620091,14585598,2246335618.42
2022-11-21,sz.000858,132.4296155,132.84318307,130.229788,131.04812383,21762482,3243860974.7
2022-11-22,sz.000858,131.03932452,134.5414499,130.94253211,132.19203413,14376998,2162414725.74
2022-11-23,sz.000858,132.19203413,133.3095465,131.0217259,131.78726587,11346208,1702094212.77
2022-11-24,sz.000858,132.869581,133.30074719,129.349857,130.06260111,15085804,2238041525.96
2022-11-25,sz.000858,130.16819283,131.04812383,128.8218984,129.68423078,10676624,1575517166.71
2022-11-28,sz.000858,127.44040673,130.23858731,124.99419855,129.92181215,19013147,2750115838.34
2022-11-29,sz.000858,131.91925552,136.52129465,131.9016569,136.43330155,41040650,6284033997.83
2022-11-30,sz.000858,136.2133188,140.76256207,135.509374,138.02597666,25228605,3961994532.37
2022-12-01,sz.000858,145.188615,149.57947069,144.18549366,144.82784329,44092117,7325021108.31
2022-12-02,sz.000858,145.0126288,146.84288528,142.77760406,143.48154886,21047820,3461949871.67
2022-12-05,sz.000858,148.60274728,149.57067138,145.78696808,148.27717281,29795799,5007534615.36
2022-12-06,sz.000858,147.80201007,156.82130282,147.0364701,154.3398974,43369522,7576837370.67
2022-12-07,sz.000858,154.34869671,156.4517318,152.23686231,152.82641608,31128834,5443269231.41
2022-12-08,sz.000858,152.228063,154.47188705,151.35693131,153.77674156,15644818,2723693945.98
2022-12-09,sz.000858,153.66235053,161.44094057,153.21358572,161.26495437,41957765,7550074236.44
2022-12-12,sz.000858,160.147442,161.36174678,156.54852421,156.93569385,29905954,5387580972.7
2022-12-13,sz.000858,156.627718,159.1795179,154.88545462,157.92121657,19276219,3447321252.81
2022-12-14,sz.000858,157.90361795,163.02481637,156.94449316,161.97769848,28698912,5255273236.65
2022-12-15,sz.000858,162.0832902,163.4911798,159.06512687,160.11224476,19934421,3643457578.67
2022-12-16,sz.000858,158.58116482,161.09776748,157.20847246,160.60500612,18642633,3377432021.71
2022-12-19,sz.000858,161.4673385,162.53205501,157.507649,158.34358345,19418435,3512784487.61
2022-12-20,sz.000858,158.33478414,158.8275455,149.48267828,151.79689681,34345756,5965655880.27
2022-12-21,sz.000858,153.987925,154.57747877,152.71202505,153.53916019,15385319,2687724560.26
2022-12-22,sz.000858,154.89425393,159.75147305,153.69754777,157.9476145,24442393,4381920906.42
2022-12-23,sz.000858,155.747787,161.027373,155.2198284,158.64275999,19861964,3587724307.08
2022-12-26,sz.000858,158.64275999,159.4434972,156.24054836,157.1556766,17829834,3198529055.22
2022-12-27,sz.000858,158.38758,160.5874075,157.63963865,159.31150755,15227535,2758777142.24
2022-12-28,sz.000858,159.25871169,159.25871169,156.52212628,158.54596758,13937786,2503523214.23
2022-12-29,sz.000858,157.507649,158.38758,155.51900494,157.28766625,16850491,3003533016.61
2022-12-30,sz.000858,158.19399518,159.43469789,157.507649,158.99473239,14976495,2702577294.54
2023-01-03,sz.000858,159.267511,159.98025511,155.31662081,156.8037042,18206204,3240728572.4
2023-01-04,sz.000858,156.627718,158.8275455,155.1318353,157.17327522,12883584,2299619966.21
2023-01-05,sz.000858,159.7074765,166.75572381,158.7395524,166.306959,40279056,7535626605.79
2023-01-06,sz.000858,168.16361341,168.16361341,165.23344318,167.59165826,23338295,4428033739.33
2023-01-09,sz.000858,169.34272095,173.24961459,167.32767896,172.36088428,27557314,5362756420.79
2023-01-10,sz.000858,172.2904898,173.09122701,171.24337191,171.79772844,20275236,3965377700.54
2023-01-11,sz.000858,171.62174224,172.45767669,169.4747106,170.7946071,16999458,3304975110.03
2023-01-12,sz.000858,171.586545,172.26409187,168.95555131,170.16985609,13822699,2675310868.61
2023-01-13,sz.000858,170.16985609,175.46704071,170.12585954,174.73669798,24506446,4833945957.62
2023-01-16,sz.000858,175.9862,184.14316037,175.9862,181.72335012,36352479,7493040737.32
2023-01-17,sz.000858,182.145717,182.83206318,177.40288891,178.50280266,21507890,4383014176.66
2023-01-18,sz.000858,180.32425983,186.36058649,179.78750192,181.0897998,27241217,5639270861.86
2023-01-19,sz.000858,181.66175495,181.7057515,178.05403785,180.6498343,18119892,3710296047.53
2023-01-20,sz.000858,182.92885559,186.545372,182.2337101,183.65919832,27348025,5738958670.25
2023-01-30,sz.000858,192.34411729,193.48802759,188.55161468,191.4729856,32180876,7001555735.16
2023-01-31,sz.000858,190.93622769,191.62257387,183.8175859,183.905579,25724708,5456751654.42
2023-02-01,sz.000858,183.4656135,185.3134686,179.29474056,184.83830586,25655223,5334911716.63
2023-02-02,sz.000858,186.27259339,188.7451995,184.91749965,186.99413681,18327161,3899833436.27
2023-02-03,sz.000858,184.78551,186.545372,181.265786,184.78551,19935209,4156921813.54
2023-02-06,sz.000858,175.57263243,179.97228743,173.59278768,177.4820827,33407544,6710340317.7
2023-02-07,sz.000858,177.4820827,180.6498343,177.3060965,178.77558127,15811588,3216023677.76
2023-02-08,sz.000858,178.77558127,179.505924,174.41992282,175.59023105,16905733,3384827003.51
2023-02-09,sz.000858,175.68702346,182.79686594,175.59023105,182.48889009,24493992,5026717804.17
2023-02-10,sz.000858,182.48889009,182.56808388,178.73158472,180.1218757,14032129,2872338309.45
2023-02-13,sz.000858,178.625993,189.0971719,178.61719369,186.8973444,28908783,6110099289.12
2023-02-14,sz.000858,186.8973444,188.08525125,183.5536066,184.11676244,18490190,3886700986.34
2023-02-15,sz.000858,186.18460029,188.20844159,184.3455445,185.665441,16925791,3584495859.09
2023-02-16,sz.000858,184.21355485,188.90358708,182.8496618,185.48065549,21337960,4522470619.71
2023-02-17,sz.000858,184.30154795,188.70120295,183.025648,183.15763765,18446776,3901124992.92
2023-02-20,sz.000858,183.2016342,188.1292478,180.8258205,187.38130645,19166754,4024080431.96
2023-02-21,sz.000858,186.9853375,187.09092922,183.4656135,184.85590448,13939573,2922693859.24
2023-02-22,sz.000858,183.42161695,185.26067274,181.7057515,182.5856825,14100545,2931801635.6
2023-02-23,sz.000858,181.7057515,183.21923282,179.2419447,180.4738481,14580801,2993988117.77
2023-02-24,sz.000858,180.44745017,180.44745017,175.82781242,176.9541241,20395718,4104764613.59
2023-02-27,sz.000858,175.15906486,181.46817013,174.96548004,180.21866811,17299557,3517673755.25
2023-02-28,sz.000858,182.145717,183.07844386,177.81645648,179.87549502,11480142,2342737529.15
2023-03-01,sz.000858,179.65551227,183.77358935,178.5379999,182.48009078,15446575,3196937763.35
2023-03-02,sz.000858,181.3537791,182.68247491,180.70263016,181.47696944,7447671,1537653713.85
2023-03-03,sz.000858,183.025648,184.31034726,179.0659585,181.05460256,9283668,1912804916.33
2023-03-06,sz.000858,180.39465431,181.7057515,178.25642198,180.01628398,11140226,2277420060.91
2023-03-07,sz.000858,179.81389985,179.81389985,176.08299241,176.38216895,12527207,2532351682.61
2023-03-08,sz.000858,175.106269,177.3060965,174.226338,175.3702483,10219130,2035672769.6
2023-03-09,sz.000858,175.106269,175.7222207,170.6186209,174.226338,16850486,3323035486.67
2023-03-10,sz.000858,172.65126151,175.61662898,171.73613327,171.79772844,11095657,2181297329.28
2023-03-13,sz.000858,171.586545,176.23258068,171.586545,174.7542966,12647223,2510450829.77
2023-03-14,sz.000858,174.8422897,174.85988832,170.4426347,171.83292568,10284259,2013558948.67
2023-03-15,sz.000858,174.226338,175.39664623,169.2107313,169.22832992,12988009,2527648821.37
2023-03-16,sz.000858,168.066821,170.8826002,166.59733623,168.2428072,12054371,2309099789.8
2023-03-17,sz.000858,170.57462435,170.91779744,165.427028,165.8669935,15607045,2970579105.05
2023-03-20,sz.000858,167.18689,167.70604929,162.787235,163.5791729,15464264,2889012995.06
2023-03-21,sz.000858,164.8990694,169.92347541,162.98081982,169.15793544,18789280,3583069187.23
2023-03-22,sz.000858,169.16673475,172.53687048,168.43639202,168.74436787,10853212,2097093752.68
2023-03-23,sz.000858,167.9788279,172.45767669,167.23968586,171.21697398,13284214,2578838699.02
2023-03-24,sz.000858,170.706614,172.42247945,168.5067865,169.84428162,10253022,1984030937.58
2023-03-27,sz.000858,169.65949611,169.68589404,166.306959,167.54766171,11879852,2258153854.92
2023-03-28,sz.000858,167.53006309,170.62742021,167.37167551,169.3867175,10918609,2099319286.01
2023-03-29,sz.000858,170.706614,172.466476,168.5947796,171.83292568,15953932,3103306613.7
2023-03-30,sz.000858,171.83292568,175.07107176,170.86500158,174.56951109,15148689,2983220917.77
2023-03-31,sz.000858,176.866131,177.746062,173.346407,173.346407,12758987,2541477089.18
2023-04-03,sz.000858,173.32880838,173.346407,169.89707748,171.75373189,13366024,2604697433.72
2023-04-04,sz.000858,172.0265105,173.04723046,169.78268645,172.59846565,14247340,2772976030.63
2023-04-06,sz.000858,171.586545,171.586545,166.36855417,167.66205274,15107492,2889971045.36
2023-04-07,sz.000858,167.0109038,168.79716373,165.02225974,166.35975486,11303817,2139054071.98
2023-04-10,sz.000858,162.787235,162.80483362,156.8037042,162.47925915,33973209,6169351676.17
2023-04-11,sz.000858,161.88090607,162.03929365,158.39637931,158.85394343,19119446,3472021583.25
2023-04-12,sz.000858,159.267511,159.36430341,154.47188705,154.70946842,27283391,4827573321.99
2023-04-13,sz.000858,154.867856,158.2995869,154.47188705,156.52212628,21080214,3748131434.09
2023-04-14,sz.000858,156.82130282,157.0676835,154.01432293,154.50708429,14465308,2549260307.3
2023-04-17,sz.000858,155.56300149,158.31718552,155.29902219,156.78610558,18555289,3301205326.77
2023-04-18,sz.000858,157.507649,158.53716827,156.25814698,156.90929592,14406696,2574306113.17
2023-04-19,sz.000858,157.21727177,157.47245176,154.4278905,155.12303599,12617246,2225609750.7
2023-04-20,sz.000858,155.16703254,155.73018838,151.7880975,152.6680285,14800856,2578285583.86
2023-04-21,sz.000858,153.107994,154.2519043,151.1721458,151.348132,12091951,2096658341.55
2023-04-24,sz.000858,151.4361251,152.1400699,147.3884425,147.828408,17609069,2970098989.03
2023-04-25,sz.000858,147.828408,149.48267828,145.76057015,149.4122838,15489726,2602607466.01
2023-04-26,sz.000858,148.7963321,150.62658858,147.45883698,148.36516591,14812682,2500348754.99
2023-04-27,sz.000858,148.3563666,149.8522493,146.4205184,148.85792727,15039314,2530897180.8
2023-04-28,sz.000858,150.69698306,151.30413545,147.72281628,148.708339,17938564,3038219039.74
2023-05-04,sz.000858,151.7880975,152.18406645,147.34444595,148.66434245,26587793,4516684021.78
2023-05-05,sz.000858,148.66434245,153.1959871,148.04839075,152.85281401,25172690,4324694284.67
2023-05-08,sz.000858,153.5479595,154.4278905,150.28341549,150.8201734,17753373,3055844963.34
2023-05-09,sz.000858,150.31861273,156.1877525,149.58827,153.78554087,22292312,3891367973.61
2023-05-10,sz.000858,152.0520768,153.5479595,150.98736029,152.50964092,11890994,2057577182.94
2023-05-11,sz.000858,153.09039538,155.29902219,151.53291751,151.84969267,12289631,2138045981.25
2023-05-12,sz.000858,151.5241182,153.5479595,149.02511416,149.03391347,12959157,2218100020.61
2023-05-15,sz.000858,148.04839075,151.77929819,147.85480593,151.73530164,13079986,2232478635.11
2023-05-16,sz.000858,151.6121113,151.66490716,149.4122838,150.01943619,9936468,1694257812.46
2023-05-17,sz.000858,149.58827,150.3802079,148.48835625,149.00751554,8602150,1458848097.52
2023-05-18,sz.000858,149.13950519,150.21302101,147.828408,148.40916246,8780386,1484050324.31
2023-05-19,sz.000858,147.90760179,150.69698306,146.72849425,150.2922148,12074586,2048104075.08
2023-05-22,sz.000858,150.37140859,157.56044486,148.77873348,156.28454491,30244522,5326580957.92
2023-05-23,sz.000858,156.4517318,157.0676835,153.107994,153.107994,13672431,2402618291.16
2023-05-24,sz.000858,152.68562712,153.09039538,149.89624585,149.89624585,13355066,2297763605.4
2023-05-25,sz.000858,149.07791002,149.30669208,147.34444595,148.0043942,14392525,2421836658.99
2023-05-26,sz.000858,148.0043942,151.25133959,147.828408,149.6762631,12287480,2088300565.38
2023-05-29,sz.000858,150.41540514,151.21614235,147.45883698,148.05719006,12976880,2191774953.54
2023-05-30,sz.000858,147.828408,149.10430795,143.8687185,145.33820327,18360334,3039522846.43
2023-05-31,sz.000858,145.188615,145.30300603,140.80655862,141.82727858,21344841,3448000885.39
2023-06-01,sz.000858,142.97998819,146.5965046,141.8448772,143.71033092,16901644,2774057591.26
2023-06-02,sz.000858,145.188615,148.1803804,143.71913023,147.7404149,19208397,3199284099.23
2023-06-05,sz.000858,147.19485768,147.54683008,144.86304053,145.3646012,11344697,1879812886.16
2023-06-06,sz.000858,146.3325253,148.20677833,144.77504743,145.73417222,13536764,2256103841.73
2023-06-07,sz.000858,146.20053565,146.99247355,144.308684,144.308684,9532561,1574392182.62
2023-06-08,sz.000858,144.49346951,146.13014117,143.44635162,145.03022742,9157282,1504742545.15
2023-06-09,sz.000858,145.13581914,146.05094738,144.1326978,144.82784329,11963517,1970427702.28
2023-06-12,sz.000858,144.32628262,151.348132,143.37595714,149.94904171,24183801,4073838204.34
2023-06-13,sz.000858,149.58827,153.0200009,149.06911071,152.29845748,18293646,3156768738.75
2023-06-14,sz.000858,153.8119388,157.81562485,151.92888646,156.34614008,24101542,4279986457.1
2023-06-15,sz.000858,157.69243451,160.86898542,156.627718,160.147442,24045009,4346343723.32
2023-06-16,sz.000858,160.6754006,163.3151936,159.7074765,161.97769848,21631380,3975777953.65
2023-06-19,sz.000858,161.027373,161.65212401,155.3078215,156.22294974,24234172,4330534592.71
2023-06-20,sz.000858,155.747787,156.9796904,152.7560216,153.11679331,17868934,3129124754.64
2023-06-21,sz.000858,153.09919469,153.89113259,150.6441872,150.8201734,13948450,2409049470.18
2023-06-26,sz.000858,149.1483045,149.49147759,145.188615,146.64930046,21934031,3652673793.87
2023-06-27,sz.000858,147.81062367,149.9084415,146.0369322,149.56630812,20067906,3307807251.25
2023-06-28,sz.000858,148.76499573,151.7991786,147.99969738,150.06150117,11942640,1990481708.04
2023-06-29,sz.000858,149.458266,149.9084415,147.00030777,147.48649731,11772352,1934965472.19
2023-06-30,sz.000858,148.2878097,148.6479501,146.5771428,147.27041307,10337054,1695951752.1
2023-07-03,sz.000858,147.00030777,150.79978899,146.62216035,150.68274336,17337306,2875749982.29
2023-07-04,sz.000858,150.358617,151.7091435,149.05310805,151.45704522,12595742,2107039767.76
2023-07-05,sz.000858,150.82679952,150.8988276,148.557915,148.90004838,11541608,1911856438.76
2023-07-06,sz.000858,148.8280203,150.18755031,147.52251135,147.9276693,10144977,1672166188.07
2023-07-07,sz.000858,147.82863069,148.557915,147.04532532,147.35144466,7896985,1294178677.75
2023-07-10,sz.000858,148.53990798,149.9084415,147.84663771,148.1977746,9671525,1597774604.93
2023-07-11,sz.000858,148.96307295,149.24218176,147.54952188,148.68396414,7020562,1156564822.32
2023-07-12,sz.000858,148.7379852,150.05249766,148.557915,148.97207646,11884029,1970009879.55
2023-07-13,sz.000858,151.15092588,155.760723,150.04349415,155.44560015,32351360,5531880616.32
2023-07-14,sz.000858,156.3009336,156.95818983,153.77094729,154.85136849,15072288,2594877559.34
2023-07-17,sz.000858,153.5098455,153.94201398,151.40302416,152.75355066,9325675,1575729873.74
2023-07-18,sz.000858,152.7895647,153.26675073,151.258968,151.6191084,8195902,1381227321.48
2023-07-19,sz.000858,151.09690482,151.94323476,150.18755031,151.54708032,7685551,1288284982.86
2023-07-20,sz.000858,152.159319,154.21211928,151.33099608,151.76316456,12750198,2163844782.35
2023-07-21,sz.000858,152.95162788,156.661074,151.15092588,154.20311577,19538688,3356305156.71
2023-07-24,sz.000858,152.27636463,153.05967,151.1689329,152.48344536,13171639,2222174196.24
2023-07-25,sz.000858,158.461776,162.66641517,157.71448467,161.6130045,44063194,7867658288.1
2023-07-26,sz.000858,161.6130045,162.67541868,159.22707435,160.0824078,17402543,3104017698.43
2023-07-27,sz.000858,161.13581847,162.82847835,159.22707435,160.67663946,18798706,3367125649.57
2023-07-28,sz.000858,159.6322323,164.00793816,159.02899713,163.12559418,31969316,5753479229.95
2023-07-31,sz.000858,168.0054966,169.77918807,162.94552398,162.963531,31559353,5816020903.4
2023-08-01,sz.000858,163.58477319,165.79963665,160.7126535,161.95513788,19571803,3543719055.67
2023-08-02,sz.000858,161.162829,162.95452749,159.5421972,160.24447098,15508019,2770075423.76
2023-08-03,sz.000858,159.39814104,162.02716596,157.67847063,160.8026886,15264598,2712382851.11
2023-08-04,sz.000858,163.31466789,164.3140575,160.8927237,161.41492728,14347761,2585669217.15
2023-08-07,sz.000858,160.5325833,161.41492728,158.8219164,159.64123581,15692962,2784302714.0
2023-08-08,sz.000858,158.62383918,160.31649906,157.72348818,159.25408488,11614322,2050696313.23
2023-08-09,sz.000858,159.77628846,160.15443588,158.5518111,159.52419018,8679551,1536212479.15
2023-08-10,sz.000858,159.25408488,159.362127,157.25530566,158.74088481,10423785,1833070603.5
2023-08-11,sz.000858,159.77628846,159.85732005,155.10346677,155.18449836,14888627,2590746331.32
2023-08-14,sz.000858,153.05967,153.35678583,149.458266,151.81718562,21094514,3548868734.7
2023-08-15,sz.000858,151.80818211,152.0692839,149.17915719,149.9084415,16814467,2803400143.15
2023-08-16,sz.000858,149.71036428,150.7187574,148.7379852,150.0885117,11627666,1937166439.28
2023-08-17,sz.000858,149.3682309,151.80818211,148.1077395,151.65512244,16693182,2790070934.69
2023-08-18,sz.000858,151.63711542,151.87120668,147.2073885,147.23439903,27947953,4605753430.52
2023-08-21,sz.000858,146.01892518,147.98169036,145.29864438,145.82985147,16450664,2676283337.51
2023-08-22,sz.000858,146.41507962,147.2073885,144.48832848,145.99191465,15692086,2538910286.11
2023-08-23,sz.000858,145.90187955,145.98291114,144.05616,144.06516351,14683900,2360128005.76
2023-08-24,sz.000858,144.12818808,147.2073885,143.34488271,146.09095326,17589545,2842412943.63
2023-08-25,sz.000858,144.97451802,146.55013227,144.55135305,145.45170405,11630171,1877818205.04
2023-08-28,sz.000858,151.26797151,152.15031549,141.36411051,141.79627899,54577070,8739965733.49
2023-08-29,sz.000858,140.454756,144.1461951,139.85152083,143.5159494,23873176,3780207169.13
2023-08-30,sz.000858,143.5159494,144.16420212,141.8953176,142.09339482,22598663,3580879499.59
2023-08-31,sz.000858,142.09339482,142.10239833,140.30169633,140.37372441,22001837,3443917302.81
2023-09-01,sz.000858,141.355107,144.02014596,141.355107,143.82206874,23238672,3701951294.13
2023-09-04,sz.000858,145.4967216,151.258968,145.4967216,151.19594343,46496459,7710567731.95
2023-09-05,sz.000858,151.0788978,151.46604873,148.77399924,149.20616772,19055024,3170571173.46
2023-09-06,sz.000858,148.61193606,149.86342395,147.657564,149.17915719,13049265,2155900998.3
2023-09-07,sz.000858,148.557915,148.71097467,146.6671779,146.8472481,11886106,1947052985.57
2023-09-08,sz.000858,146.09095326,146.4871077,144.5063355,145.78483392,10497211,1695834401.17
2023-09-11,sz.000858,144.956511,148.83702381,144.19121265,147.97268685,16068274,2625927002.72
2023-09-12,sz.000858,147.1173534,147.71158506,146.40607611,146.73920598,8942828,1459902261.27
2023-09-13,sz.000858,147.657564,148.90905189,146.26201995,147.34244115,13114721,2150208869.54
2023-09-14,sz.000858,147.34244115,147.86464473,144.98352153,145.856862,13047323,2115828262.3
2023-09-15,sz.000858,145.91988657,146.79322704,143.4259143,143.79505821,17755546,2846912332.74
2023-09-18,sz.000858,143.155809,146.76621651,142.26446151,146.5771428,16298317,2634257627.86
2023-09-19,sz.000858,145.86586551,146.0369322,143.6059845,144.87547941,11367416,1824120705.53
2023-09-20,sz.000858,144.2362302,144.956511,143.7860547,143.91210384,8712360,1394723510.57
2023-09-21,sz.000858,143.155809,143.6059845,141.82328952,141.94933866,12945475,2046008258.75
2023-09-22,sz.000858,141.355107,144.33526881,141.0850017,143.98413192,15431992,2451918127.02
2023-09-25,sz.000858,143.84007576,143.94811788,142.7956686,143.0657739,10536495,1676603466.31
2023-09-26,sz.000858,143.04776688,143.57897397,141.03998415,141.03998415,12501574,1969171204.71
2023-09-27,sz.000858,141.04898766,142.84068615,140.454756,140.98596309,13281201,2083949327.42
2023-09-28,sz.000858,140.98596309,141.69724038,140.16664368,140.5447911,12385723,1933102453.43
2023-10-09,sz.000858,140.53578759,140.53578759,136.6732818,138.89714877,15357335,2365643872.37
2023-10-10,sz.000858,139.99557699,140.97695958,137.80772406,138.12284691,12717530,1965311403.8
2023-10-11,sz.000858,139.16725407,139.76148573,138.07782936,138.3839487,9912197,1526531426.61
2023-10-12,sz.000858,139.77949275,140.454756,138.84312771,140.21166123,13797215,2144168262.31
2023-10-13,sz.000858,139.1042295,139.1042295,136.86235551,138.32092413,14293386,2189951710.51
2023-10-16,sz.000858,137.82573108,138.1138434,134.79154821,135.17869914,15236613,2299307439.95
2023-10-17,sz.000858,135.17869914,136.16908524,133.75614456,135.42179391,10720176,1610282340.05
2023-10-18,sz.000858,135.03464298,136.24111332,134.31436218,134.36838324,10110520,1516335018.72
2023-10-19,sz.000858,133.251948,133.251948,129.61452996,129.87563175,21738492,3161472146.56
2023-10-20,sz.000858,128.750193,131.38822143,128.36304207,129.3804387,13316438,1920618082.39
2023-10-23,sz.000858,129.32641764,131.28017931,128.2099824,129.42545625,12029229,1727517065.63
2023-10-24,sz.000858,129.43445976,130.54189149,127.5797367,129.69556155,16707389,2395874812.76
2023-10-25,sz.000858,132.30657945,135.953001,132.30657945,134.45841834,25442154,3792234580.05
2023-10-26,sz.000858,133.251948,136.1330712,133.0718778,135.99801855,14617728,2187779863.38
2023-10-27,sz.000858,135.56585007,138.24889605,135.19670616,137.74469949,17065390,2603681374.11
2023-10-30,sz.000858,140.40973845,142.57958436,139.554405,140.9949666,27403019,4289723342.52
2023-10-31,sz.000858,141.8052825,141.94033515,139.57241202,140.454756,14497863,2261223856.93
2023-11-01,sz.000858,149.458266,150.61071528,144.05616,144.05616,46934602,7622902568.18
2023-11-02,sz.000858,144.12818808,144.92049696,142.01236323,142.1654229,16513168,2623333602.26
2023-11-03,sz.000858,142.1654229,144.05616,141.94933866,143.75904417,13814386,2200311515.69
2023-11-06,sz.000858,144.65939517,144.83946537,142.7056335,143.91210384,13751203,2192590029.11
2023-11-07,sz.000858,143.4259143,143.9661249,142.255458,143.43491781,10730364,1705482356.26
2023-11-08,sz.000858,142.7056335,143.85808278,141.86830707,142.82267913,12646303,2003995988.48
2023-11-09,sz.000858,142.255458,143.6059845,142.255458,142.75065105,9198879,1458982551.84
2023-11-10,sz.000858,141.8052825,142.50755628,140.9049315,141.2650719,8963080,1407108917.11
2023-11-13,sz.000858,141.25606839,141.50816667,138.70807506,139.44636288,12557539,1948615157.18
2023-11-14,sz.000858,140.34671388,142.15641939,139.554405,140.3647209,11299159,1764357472.68
2023-11-15,sz.000858,142.08439131,142.38150714,141.0850017,141.58019475,10175715,1601063926.14
2023-11-16,sz.000858,141.355107,141.9853527,140.57180163,140.78788587,7036398,1102563043.31
2023-11-17,sz.000858,140.0045805,140.88692448,138.97818036,139.554405,8452069,1309342330.97
2023-11-20,sz.000858,139.54540149,140.40073494,138.2939136,139.0141944,11485928,1773729316.45
2023-11-21,sz.000858,139.554405,141.03098064,137.97879075,139.8245103,16697698,2595787143.62
2023-11-22,sz.000858,138.8341242,139.48237692,138.21288201,138.21288201,8691277,1338320985.63
2023-11-23,sz.000858,137.753703,138.15886095,136.71829935,137.81672757,9457601,1442390953.89
2023-11-24,sz.000858,137.6636679,138.54601188,137.13246081,137.96078373,9309548,1425448392.18
2023-11-27,sz.000858,137.56462929,137.5736328,134.05326039,134.37738675,18526959,2774364092.32
2023-11-28,sz.000858,134.41340079,135.12467808,132.93682515,133.92721125,13910316,2066506935.76
2023-11-29,sz.000858,133.77415158,133.7921586,132.2615619,133.5220533,8648476,1279519709.13
2023-11-30,sz.000858,133.40500767,134.50343589,133.26095151,134.28735165,10683306,1591108412.32
2023-12-01,sz.000858,134.152299,134.152299,131.46024951,132.54067071,13430375,1977001207.31
2023-12-04,sz.000858,131.89241799,132.95483217,131.08210209,131.31619335,10695582,1565168595.28
2023-12-05,sz.000858,131.0010705,131.29818633,128.06592624,128.45307717,15041103,2167619334.59
2023-12-06,sz.000858,128.3900526,130.7309652,127.54372266,129.7405791,14474212,2081995216.85
2023-12-07,sz.000858,129.7405791,129.89363877,127.3996665,128.31802452,15107094,2152755581.71
2023-12-08,sz.000858,128.31802452,129.9206493,128.04791922,128.68716843,14475928,2075536415.27
2023-12-11,sz.000858,125.6889996,126.04914,122.95193256,125.3288592,32312072,4465383122.8
2023-12-12,sz.000858,124.248438,125.76102768,124.00534323,125.4188943,14402267,2002700041.68
2023-12-13,sz.000858,124.7886486,124.86067668,120.26888658,120.44895678,31864580,4313281475.84
2023-12-14,sz.000858,121.547385,122.42972898,119.43156015,119.43156015,21441794,2872608825.88
2023-12-15,sz.000858,120.34991817,122.2676658,119.5666128,120.3769287,20013278,2685090415.6
2023-12-18,sz.000858,118.89134955,121.3673148,118.72928637,120.647034,12930013,1727901875.36
2023-12-19,sz.000858,120.63803049,120.63803049,119.35052856,120.04379883,13016041,1732968199.63
2023-12-20,sz.000858,120.51198135,120.58400943,118.9363671,118.96337763,10629969,1411911254.62
2023-12-21,sz.000858,118.73828988,121.05219195,118.37814948,120.7370691,17664844,2355445615.95
2023-12-22,sz.000858,120.70105506,121.3673148,119.35953207,120.12483042,16402338,2191023169.19
2023-12-25,sz.000858,120.03479532,121.16023407,119.70166545,121.14222705,9862125,1322860816.57
2023-12-26,sz.000858,121.14222705,121.14222705,120.29589711,120.93514632,7367832,986855945.14
2023-12-27,sz.000858,120.93514632,121.34930778,119.77369353,120.49397433,10430850,1395667156.77
2023-12-28,sz.000858,120.49397433,127.07554014,120.24187605,126.1391751,33610901,4647651265.17
2023-12-29,sz.000858,126.04914,127.52571564,125.40989079,126.32824881,19454076,2730826835.35
2024-01-02,sz.000858,126.3192453,126.3192453,122.2676658,122.447736,21526999,2947170556.8
2024-01-03,sz.000858,122.42972898,123.05097117,120.42194625,121.43934288,16417109,2211980500.19
2024-01-04,sz.000858,121.43934288,121.4573499,118.85533551,119.13444432,17876323,2371204451.67
2024-01-05,sz.000858,118.846332,120.0167883,117.74790378,118.16206524,15630369,2062827516.43
2024-01-08,sz.000858,117.95498451,118.07203014,115.244928,115.3349631,21020047,2706248455.91
2024-01-09,sz.000858,115.3349631,116.48741238,114.71372091,115.07386131,17483816,2241449420.48
2024-01-10,sz.000858,115.07386131,116.66748258,113.45322951,115.9652088,16530411,2118536476.06
2024-01-11,sz.000858,115.8751737,117.4958055,114.54265422,116.70349662,15646396,2021717963.8
2024-01-12,sz.000858,116.03723688,117.15367212,115.3349631,115.92019125,11920766,1539729131.14
2024-01-15,sz.000858,115.244928,116.49641589,114.41660508,115.85716668,11582558,1485609938.54
2024-01-16,sz.000858,115.17289992,116.39737728,114.28155243,115.61407191,12528653,1604334707.82
2024-01-17,sz.000858,114.8847876,115.0648578,112.66992414,112.66992414,17675746,2232551975.01
2024-01-18,sz.000858,112.3638048,115.36197363,110.91423969,115.1548929,23594821,2961463081.82
2024-01-19,sz.000858,114.344577,116.60445801,113.55226812,116.04624039,22502046,2891090563.72
2024-01-22,sz.000858,115.6050684,116.28033165,113.2641558,114.344577,21340958,2733754455.75
2024-01-23,sz.000858,114.1645068,115.35297012,112.97604348,114.68671038,16198659,2053575259.83
2024-01-24,sz.000858,115.40699118,115.67709648,112.77796626,115.28994555,16682387,2118643963.14
2024-01-25,sz.000858,115.244928,118.04501961,114.84877356,118.04501961,27342127,3546308960.29
2024-01-26,sz.000858,117.14466861,118.83732849,116.5954545,117.945981,19317416,2522565252.1
2024-01-29,sz.000858,118.02701259,120.34991817,118.02701259,118.64825478,21614965,2860907561.52
2024-01-30,sz.000858,117.7659108,117.8559459,114.86678058,114.98382621,17071977,2196117733.31
2024-01-31,sz.000858,114.7947525,115.85716668,113.70532779,113.7143313,13521837,1717132838.83
2024-02-01,sz.000858,113.21013474,114.99282972,112.66992414,113.8944015,13787549,1745356476.42
2024-02-02,sz.000858,113.8944015,115.83015615,110.34701856,111.48146082,21086217,2658388904.9
2024-02-05,sz.000858,111.48146082,115.13688588,110.66214141,113.95742607,30804209,3864410348.59
2024-02-06,sz.000858,113.444226,119.746683,113.1741207,119.73767949,32384190,4239033653.04
2024-02-07,sz.000858,119.84572161,121.2772797,118.9363671,120.52998837,29067328,3882655957.27
2024-02-08,sz.000858,121.3673148,122.55577812,119.4765777,120.27789009,24374798,3267001019.28
2024-02-19,sz.000858,125.0587539,125.10377145,121.34930778,122.58278865,28857883,3951748629.55
2024-02-20,sz.000858,122.447736,123.348087,119.746683,120.98916738,21181874,2841706723.75
2024-02-21,sz.000858,120.1068234,128.46208068,119.60262684,126.96749802,46656281,6492866976.98
2024-02-22,sz.000858,126.14817861,127.54372266,125.53593993,127.0395261,18840109,2646660001.48
2024-02-23,sz.000858,126.98550504,129.09232638,126.09415755,127.58874021,18439323,2613714172.22
2024-02-26,sz.000858,127.3996665,128.10194028,125.19380655,125.83305576,13994707,1961062779.9
2024-02-27,sz.000858,125.15779251,125.8690698,124.29345555,125.83305576,15061741,2092382020.62
2024-02-28,sz.000858,125.83305576,127.3096314,124.94170827,125.62597503,19619411,2753522611.35
2024-02-29,sz.000858,125.148789,128.14695783,124.8786837,128.07492975,17660377,2496984973.38
2024-03-01,sz.000858,127.89485955,129.45246678,126.84144888,128.38104909,15881306,2261267887.41
2024-03-04,sz.000858,127.40867001,128.0299122,126.08515404,126.34625583,15430682,2170817658.18
2024-03-05,sz.000858,126.03113298,127.74179988,125.44590483,127.48069809,16001586,2251931872.98
2024-03-06,sz.000858,126.949491,127.2195963,124.70761701,125.20281006,17652769,2459134905.94
2024-03-07,sz.000858,125.20281006,126.03113298,124.47352575,124.47352575,11219842,1559868152.03
2024-03-08,sz.000858,124.30245906,125.26583463,123.04196766,124.62658542,12245203,1687886718.86
2024-03-11,sz.000858,124.56356085,127.21059279,124.26644502,127.09354716,19356925,2713055196.92
2024-03-12,sz.000858,127.10255067,134.4224043,127.10255067,133.53105681,45079147,6608708732.85
2024-03-13,sz.000858,132.8017725,134.31436218,132.47764614,133.03586376,17912970,2649479635.48
2024-03-14,sz.000858,132.5316672,135.953001,132.40561806,134.65649556,22227356,3320434207.38
2024-03-15,sz.000858,134.152299,139.35632778,133.9722288,137.29452399,23887367,3639737822.84
2024-03-18,sz.000858,137.2134924,139.24828566,135.69189921,138.2038785,18987361,2908432466.18
2024-03-19,sz.000858,138.54601188,143.12879847,138.23989254,141.68823687,33882634,5328394236.71
2024-03-20,sz.000858,141.24706488,142.48954926,139.99557699,141.31008945,16160021,2535854998.21
2024-03-21,sz.000858,141.2650719,142.74164754,140.13963315,141.00397011,13643008,2139591363.23
2024-03-22,sz.000858,140.8148964,141.13902276,137.17747836,138.14085393,20156403,3098381510.57
2024-03-25,sz.000858,137.31253101,137.6636679,135.05265,136.60125372,16167547,2447539788.49
2024-03-26,sz.000858,136.64627127,139.89653838,136.64627127,139.75248222,18088963,2787590493.53
2024-03-27,sz.000858,139.554405,139.8245103,137.3935626,137.44758366,12363048,1899180647.43
2024-03-28,sz.000858,137.44758366,139.86052434,136.89836955,137.8437381,14419203,2217801274.64
2024-03-29,sz.000858,137.8437381,139.57241202,137.35754856,138.21288201,8834848,1358438656.59
2024-04-01,sz.000858,139.1042295,142.75965456,139.1042295,141.60720528,17726202,2788229516.44
2024-04-02,sz.000858,141.355107,141.51717018,139.42835586,140.0045805,11410098,1779060166.67
2024-04-03,sz.000858,140.3647209,141.32809647,138.0238083,139.1942646,9826116,1522506389.62
2024-04-08,sz.000858,136.853352,136.853352,132.39661455,132.61269879,27000663,4002147876.33
2024-04-09,sz.000858,131.9014215,133.44102171,131.16313368,131.88341448,13039729,1909631397.01
2024-04-10,sz.000858,131.6313162,131.9014215,127.97589114,128.85823512,17167574,2464329866.93
2024-04-11,sz.000858,128.3900526,128.44407366,126.5893506,128.15596134,15994283,2264027608.89
2024-04-12,sz.000858,127.849842,129.15535095,126.1391751,126.49031199,13407310,1895837989.01
2024-04-15,sz.000858,126.5893506,133.23394098,126.10316106,132.63970932,25429182,3701903874.94
2024-04-16,sz.000858,131.9914566,132.49565316,129.92965281,130.52388447,13567789,1976125482.89
2024-04-17,sz.000858,130.12773003,131.03708454,129.4704738,130.8210003,13702335,1982007044.08
2024-04-18,sz.000858,129.71356857,132.15351978,129.0202983,130.53288798,15245280,2213439016.53
2024-04-19,sz.000858,129.63253698,130.1007195,127.84083849,128.6601579,12726175,1818608488.11
2024-04-22,sz.000858,128.6601579,131.88341448,128.6601579,130.15474056,14036604,2035476601.31
2024-04-23,sz.000858,129.650544,132.79276899,129.62353347,132.37860753,17171181,2507417591.46
2024-04-24,sz.000858,133.18892343,134.3323692,131.451246,134.13429198,14225100,2103883224.01
2024-04-25,sz.000858,133.7021235,134.46742185,132.36960402,134.13429198,10077553,1496358807.6
2024-04-26,sz.000858,134.3323692,137.4835977,134.3323692,137.07843975,17946172,2719514005.5
2024-04-29,sz.000858,135.953001,140.95895256,135.06165351,136.62826425,27538469,4217464058.74
2024-04-30,sz.000858,137.1234573,138.19487499,135.43980093,135.43980093,15529607,2359135139.91
2024-05-06,sz.000858,138.14985744,142.55257383,138.1138434,139.56340851,31679595,4940155160.96
2024-05-07,sz.000858,139.554405,140.83290342,138.24889605,140.40073494,14549977,2265634112.41
2024-05-08,sz.000858,140.43674898,140.74286832,138.96917685,139.554405,10107370,1567926317.44
2024-05-09,sz.000858,138.95116983,140.17564719,138.41095923,139.41034884,11327468,1750315446.51
2024-05-10,sz.000858,139.554405,140.35571739,137.5736328,139.04120493,10251379,1579216046.17
2024-05-13,sz.000858,137.5736328,137.73569598,135.29574477,136.0430361,17262826,2608851173.05
2024-05-14,sz.000858,136.0430361,136.71829935,135.07966053,136.25912034,11345529,1713073765.3
2024-05-15,sz.000858,136.25011683,136.70029233,135.5028255,136.28613087,7842841,1186554216.77
2024-05-16,sz.000858,136.5832467,139.62643308,135.69189921,138.69907155,14937612,2289335629.06
2024-05-17,sz.000858,138.654054,140.84190693,137.94277671,140.82389991,16184342,2509981114.04
2024-05-20,sz.000858,140.8148964,143.8760898,140.8148964,141.6252123,19373643,3066112975.96
2024-05-21,sz.000858,141.1750368,141.51717018,139.63543659,140.94094554,8803686,1374785552.74
2024-05-22,sz.000858,140.46375951,140.82389991,138.89714877,139.66244712,10847769,1682580309.16
2024-05-23,sz.000858,139.554405,140.42774547,138.04181532,138.2939136,8988893,1383814569.83
2024-05-24,sz.000858,137.62765386,137.87074863,135.953001,136.08805365,11203941,1700150955.41
2024-05-27,sz.000858,136.07905014,137.1234573,135.57485358,136.47520458,10156716,1535721670.47
2024-05-28,sz.000858,136.4932116,136.79933094,135.05265,135.07966053,10387436,1566391577.67
2024-05-29,sz.000858,135.09766755,135.94399749,134.02624986,134.34137271,9102373,1363621239.51
2024-05-30,sz.000858,134.10728145,134.10728145,131.37021441,131.68533726,16111129,2363289777.56
2024-05-31,sz.000858,132.2615619,133.24294449,131.9914566,132.0814917,13141188,1934209403.16
2024-06-03,sz.000858,132.25255839,132.57668475,130.23577215,131.43323898,14092998,2051213337.61
2024-06-04,sz.000858,131.43323898,133.3419831,131.0010705,133.05387078,10302099,1514138600.83
2024-06-05,sz.000858,132.99984972,133.251948,131.13612315,131.23516176,11114765,1629419453.81
2024-06-06,sz.000858,131.46024951,132.00946362,129.70456506,130.4608599,12730851,1844855885.91
2024-06-07,sz.000858,131.0010705,131.04608805,127.7598069,128.15596134,15869270,2266797197.91
2024-06-11,sz.000858,127.3096314,127.3096314,124.248438,124.68060648,20665469,2873140131.85
2024-06-12,sz.000858,124.3384731,125.89608033,123.84328005,124.1584029,15452411,2136862848.64
2024-06-13,sz.000858,124.14939939,124.3384731,121.04318844,121.15123056,24362284,3301287598.42
2024-06-14,sz.000858,120.8271042,122.1776307,118.92736359,122.15962368,28721911,3851661909.41
2024-06-17,sz.000858,121.0071744,122.59179216,118.2160863,122.20464123,24627240,3299559711.36
2024-06-18,sz.000858,121.547385,123.65420634,120.12483042,120.54799539,20298120,2740736863.24
2024-06-19,sz.000858,120.80909718,121.8174903,119.59362333,120.84511122,13704527,1839596879.53
2024-06-20,sz.000858,120.7370691,121.61040957,119.00839518,119.0264022,12619163,1679993028.77
2024-06-21,sz.000858,118.85533551,119.62063386,115.9652088,117.2257002,21388642,2781028408.8
2024-06-24,sz.000858,113.46223302,119.44956717,113.0840856,117.97299153,23923514,3102546742.54
2024-06-25,sz.000858,118.6662618,120.00778479,117.5858406,118.40516001,17715159,2341480948.41
2024-06-26,sz.000858,117.4057704,119.00839518,117.36075285,118.2160863,10221249,1341298503.07
2024-06-27,sz.000858,118.24309683,118.27911087,115.89318072,116.73050715,12264610,1587676455.09
2024-06-28,sz.000858,116.13627549,117.48680199,114.84877356,115.28094204,15689886,2019328025.78
2024-07-01,sz.000858,115.4249982,116.28933516,113.444226,115.5150333,15433459,1964232828.84
2024-07-02,sz.000858,114.9748227,119.45857068,114.7947525,118.45017756,24747909,3244049457.35
2024-07-03,sz.000858,118.45017756,119.4765777,117.1356651,117.945981,12427733,1631928152.24
2024-07-04,sz.000858,117.945981,119.2064724,117.07264053,117.57683709,10049528,1315554603.88
2024-07-05,sz.000858,117.57683709,118.81932147,115.37097714,116.10026145,13941250,1803448224.62
2024-07-08,sz.000858,116.12727198,116.3253492,112.74195222,113.36319441,20745544,2630909852.06
2024-07-09,sz.000858,113.36319441,115.4249982,112.70593818,114.40760157,19540437,2475816884.36
2024-07-10,sz.000858,113.8944015,115.65908946,113.60628918,113.93041554,15457159,1964272870.02
2024-07-11,sz.000858,114.7947525,118.3961565,114.49763667,117.47779848,25779636,3349449291.3
2024-07-12,sz.000858,118.29023696,119.32672388,117.3284518,118.9625528,18938660,2401467289.18
2024-07-15,sz.000858,118.589044,120.79274592,118.19685976,119.05593,11973781,1532479885.12
2024-07-16,sz.000858,118.33692556,119.6161932,117.4685176,119.03725456,15468916,1967032427.83
2024-07-17,sz.000858,118.589044,122.31479428,118.00076764,122.10002672,22884217,2960415563.93
2024-07-18,sz.000858,121.42771088,124.191676,121.41837316,122.4175092,18591713,2444968667.24
2024-07-19,sz.000858,122.02532496,124.64922428,121.18493016,124.58386024,19024378,2517623683.32
2024-07-22,sz.000858,124.5651848,125.0787594,122.324132,122.52956184,15642939,2065619592.12
2024-07-23,sz.000858,122.33346972,122.80035572,118.4022896,118.4022896,19756404,2540829813.49
2024-07-24,sz.000858,118.19685976,119.2426844,117.188386,117.71129832,14364962,1813586525.01
2024-07-25,sz.000858,116.8148772,118.27156152,116.8148772,117.44984216,11814145,1485089890.16
2024-07-26,sz.000858,117.655272,118.94387736,116.8148772,117.8420264,11421502,1439101532.43
2024-07-29,sz.000858,117.655272,118.3089124,115.8811052,115.8811052,13936430,1745197563.84
2024-07-30,sz.000858,114.853956,116.0678596,113.43462256,115.12474988,20725348,2538151160.57
2024-07-31,sz.000858,114.55514896,119.69089496,114.53647352,118.45831592,26057917,3286415866.78
2024-08-01,sz.000858,118.46765364,118.5423554,115.67567536,115.787728,17473861,2180765965.31
2024-08-02,sz.000858,114.853956,116.27328944,114.74190336,115.5075964,9950169,1231884912.06
2024-08-05,sz.000858,115.5075964,119.522816,115.4142192,117.655272,24189241,3060405977.49
2024-08-06,sz.000858,118.14083344,119.522816,117.07633336,117.5618948,15347283,1940983188.7
2024-08-07,sz.000858,117.655272,119.13063176,117.0016316,118.589044,13259071,1678186222.67
2024-08-08,sz.000858,118.10348256,121.08221524,117.6085834,119.8496362,20013087,2559755533.74
2024-08-09,sz.000858,120.923474,121.39036,119.28003528,119.59751776,15846790,2041741165.9
2024-08-12,sz.000858,119.05593,119.98036428,118.70109664,119.25202212,7310797,934639850.56
2024-08-13,sz.000858,119.13996948,119.48546512,116.83355264,117.2817632,12451739,1567828596.93
2024-08-14,sz.000858,117.188386,117.27242548,115.68501308,116.09587276,9494697,1181885782.0
2024-08-15,sz.000858,115.80640344,117.7953378,115.65699992,116.6748114,11162349,1395432331.9
2024-08-16,sz.000858,116.254614,117.06699564,115.39554376,116.73083772,9726670,1211693479.26
2024-08-19,sz.000858,116.7215,118.589044,115.6943508,115.7410394,13875921,1732841551.47
2024-08-20,sz.000858,115.7410394,115.787728,114.53647352,114.9940218,10985221,1352259414.56
2024-08-21,sz.000858,114.6672016,114.98468408,114.0135612,114.1069384,9710809,1189648677.41
2024-08-22,sz.000858,114.11627612,114.28435508,112.01528912,112.97707428,18528513,2234186007.82
2024-08-23,sz.000858,112.6129032,114.0135612,112.53820144,113.08912692,8898800,1078393647.25
2024-08-26,sz.000858,112.96773656,113.79879364,110.22244688,110.29714864,20401007,2429417311.3
2024-08-27,sz.000858,109.9049644,110.3718504,107.8973546,109.9049644,15660884,1831272407.47
2024-08-28,sz.000858,109.251324,109.251324,105.44153424,106.450008,24729242,2821002956.19
2024-08-29,sz.000858,107.850666,112.32343388,107.50517036,110.91343816,30025609,3546177235.89
2024-08-30,sz.000858,110.185096,116.40401752,109.04589416,114.88196916,33779842,4114623948.37
2024-09-02,sz.000858,113.920184,114.20965332,111.118868,111.118868,17755490,2134586803.91
2024-09-03,sz.000858,111.19356976,113.42528484,111.118868,112.35144704,12798410,1538909785.99
2024-09-04,sz.000858,111.42701276,112.7996576,111.14688116,111.22158292,8469238,1011886744.1
2024-09-05,sz.000858,111.2122452,111.94058736,110.651982,111.6324426,8279466,987295999.11
2024-09-06,sz.000858,111.585754,111.585754,109.71821,109.74622316,7772198,920196138.14
2024-09-09,sz.000858,109.1579468,109.70887228,107.86934144,108.52298184,11158667,1296332675.27
2024-09-10,sz.000858,108.52298184,110.42787672,108.2241748,108.71907396,10605023,1237792376.22
2024-09-11,sz.000858,108.1307976,109.31668804,107.38378,108.32688972,7659099,888345206.8
2024-09-12,sz.000858,108.317552,108.67238536,105.85239392,105.85239392,16984847,1945710693.73
2024-09-13,sz.000858,105.7963676,105.7963676,101.9679024,101.9679024,31153086,3444726618.29
2024-09-18,sz.000858,101.080819,102.31339804,100.10969612,100.55790668,17763923,1916365125.08
2024-09-19,sz.000858,100.59525756,105.38550792,99.28797676,103.5553148,31818095,3511889907.71
2024-09-20,sz.000858,102.83631036,103.5086262,101.4076392,102.97637616,19668110,2158043124.56
2024-09-23,sz.000858,103.56465252,106.25391588,103.0884288,104.85325788,20371180,2298355085.44
2024-09-24,sz.000858,107.2904028,112.4261488,105.99245972,112.38879792,47346927,5559354900.52
2024-09-25,sz.000858,115.4142192,117.30043864,113.80813136,114.0135612,41718945,5168860913.22
2024-09-26,sz.000858,114.0135612,125.41491732,113.83614452,125.41491732,66453364,8594482227.56
2024-09-27,sz.000858,132.4088696,137.95547528,129.35543516,137.95547528,86457718,12438562566.83
2024-09-30,sz.000858,145.68710744,151.74728772,142.5869844,151.74728772,98620119,15752197755.52
2024-10-08,sz.000858,166.92108272,166.92108272,145.2482346,153.1852966,130680565,22218231044.69
2024-10-09,sz.000858,149.40352,149.40352,137.88077352,137.89944896,81546859,12409184179.14
2024-10-10,sz.000858,137.89011124,145.22955916,137.89011124,141.91466856,60060115,9164464306.6
2024-10-11,sz.000858,140.0658,143.16592304,138.198256,139.7389798,28515763,4283807927.93
2024-10-14,sz.000858,140.999572,140.999572,136.34004972,139.84169472,33496575,4986283992.84
2024-10-15,sz.000858,140.0658,140.1591772,134.463168,134.463168,32970192,4840842560.33
2024-10-16,sz.000858,132.595624,134.73396188,130.80278176,132.2688038,31227224,4430542144.18
2024-10-17,sz.000858,133.06251,133.45469424,128.75782108,128.8138474,28250755,3957974225.62
2024-10-18,sz.000858,127.93610172,135.91985232,127.32914992,133.529396,44144323,6206988496.45
2024-10-21,sz.000858,134.45383028,135.863826,131.7552292,133.53873372,29576515,4223086214.96
2024-10-22,sz.000858,133.3426416,136.7509094,132.79171612,135.80779968,30466330,4419839157.54
2024-10-23,sz.000858,135.83581284,139.62692716,134.463168,138.69315516,35813825,5277833035.92
2024-10-24,sz.000858,137.0777296,138.665142,136.43342692,136.76024712,18642006,2743177643.67
2024-10-25,sz.000858,135.82647512,139.94440964,135.82647512,138.30097092,19805485,2926843948.56
2024-10-28,sz.000858,139.14136572,143.800888,136.95633924,143.77287484,43810985,6649586215.49
2024-10-29,sz.000858,143.77287484,146.49015136,140.4393088,140.8128176,30315753,4641639291.51
2024-10-30,sz.000858,139.132028,141.28904132,137.5446156,138.9452736,21187042,3158474275.2
2024-10-31,sz.000858,137.264484,139.3187824,135.77978652,137.10574276,26944088,3957475706.73
2024-11-01,sz.000858,136.06925584,140.8128176,136.06925584,138.12355424,22719198,3379402017.88
2024-11-04,sz.000858,138.665142,139.32812012,136.40541376,138.7585192,20505185,3030626417.3
2024-11-05,sz.000858,138.198256,142.85777828,137.0777296,142.6803616,32031809,4839032609.09
2024-11-06,sz.000858,142.64301072,142.867116,139.2720938,141.233015,30206560,4568777903.38
2024-11-07,sz.000858,140.10315088,152.22351144,139.90705876,151.49516928,67187150,10602928042.25
2024-11-08,sz.000858,153.138608,153.6988712,145.668432,146.10730484,56747365,9025428027.87
2024-11-11,sz.000858,143.1939362,144.5945942,141.1863264,144.56658104,36601207,5603393228.05
2024-11-12,sz.000858,144.56658104,148.469748,143.4740678,144.0810196,35134682,5496005682.15
2024-11-13,sz.000858,142.867116,145.04280476,142.54963352,143.74486168,19433400,2990077534.77
2024-11-14,sz.000858,142.96983092,145.55637936,142.0734098,143.32466428,21792782,3357496177.85
2024-11-15,sz.000858,143.31532656,143.92227836,140.5793746,141.27036588,25544269,3894476942.73
2024-11-18,sz.000858,141.26102816,143.20327392,139.132028,139.44017276,20986101,3164795002.82
2024-11-19,sz.000858,139.65494032,140.66341408,135.6770716,138.6184534,23341346,3447738671.24
2024-11-20,sz.000858,138.6184534,140.42997108,137.4512384,139.6922912,14981538,2233265261.15
2024-11-21,sz.000858,139.132028,140.1591772,138.34765952,139.598914,11446054,1706377342.04
2024-11-22,sz.000858,139.5055368,140.07513772,135.0701198,135.29422508,18942474,2785311385.17
2024-11-25,sz.000858,136.22799708,137.43256296,133.2492644,134.2764136,19168995,2771219117.26
2024-11-26,sz.000858,133.996282,136.8909752,133.06251,135.2101856,17535782,2539251070.42
2024-11-27,sz.000858,135.18217244,138.09554108,134.07098376,137.3111726,20024978,2921829639.85
2024-11-28,sz.000858,135.39694,137.2177954,134.2764136,134.463168,19045387,2760020463.69
2024-11-29,sz.000858,135.41561544,139.77633068,134.8366768,137.04971644,28727796,4234632625.5
2024-12-02,sz.000858,137.38587436,138.59977796,135.91985232,137.6379928,17976352,2645657930.73
2024-12-03,sz.000858,137.9181244,137.98348844,136.5174664,137.25514628,14014314,2059980757.04
2024-12-04,sz.000858,137.1711068,137.20845768,135.18217244,136.07859356,14843403,2161996959.31
2024-12-05,sz.000858,135.39694,136.01322952,134.93939172,135.42495316,10321021,1496758490.67
2024-12-06,sz.000858,135.07945752,138.198256,135.07945752,136.74157168,18754575,2745488834.28
2024-12-09,sz.000858,136.7509094,137.64733052,135.5370058,136.10660672,14542425,2124782350.84
2024-12-10,sz.000858,142.867116,144.62260736,139.0386508,139.2254052,46326278,7021977459.73
2024-12-11,sz.000858,138.21693144,141.466458,138.21693144,139.5055368,19999335,2993662412.56
2024-12-12,sz.000858,139.54288768,141.933344,138.63712884,141.76526504,25365291,3819524049.44
2024-12-13,sz.000858,140.3926202,140.70076496,138.198256,138.23560688,28422742,4230330395.73
2024-12-16,sz.000858,138.22626916,138.23560688,134.48184344,135.01409348,26477262,3846200007.75
2024-12-17,sz.000858,135.00475576,137.031041,134.0896592,135.29422508,15949283,2318651653.82
2024-12-18,sz.000858,135.39694,136.59216816,134.98608032,135.5836944,12067558,1755251344.92
2024-12-19,sz.000858,134.5565452,134.84601452,133.81886532,134.0429706,15198227,2184469847.63
2024-12-20,sz.000858,134.1830364,134.90204084,133.26793984,133.72548812,17283558,2479372352.39
2024-12-23,sz.000858,132.89443104,134.40714168,132.829067,133.0158214,14260102,2039345026.45
2024-12-24,sz.000858,132.9224442,133.996282,132.32483012,133.97760656,14333019,2045707407.6
2024-12-25,sz.000858,133.97760656,134.35111536,133.13721176,133.60409776,9613952,1376290843.2
2024-12-26,sz.000858,133.64144864,133.74416356,132.4555582,133.05317228,10476825,1493951272.06
2024-12-27,sz.000858,133.1558872,133.4827074,132.19410204,133.08118544,13445059,1912027992.9
2024-12-30,sz.000858,132.61429944,133.68813724,131.661852,131.85794412,16367180,2320655236.7
2024-12-31,sz.000858,131.86728184,134.0896592,130.73741772,130.76543088,24521867,3472955734.44
2025-01-02,sz.000858,130.72808,130.72808,127.2731236,127.91742628,25564735,3517884975.58
2025-01-03,sz.000858,128.00146576,128.82318512,125.825777,126.4327288,16823014,2295817771.8
2025-01-06,sz.000858,123.1645268,125.08809712,121.74519336,122.16539076,27943013,3679523519.83
2025-01-07,sz.000858,122.5108864,122.94042152,121.0168512,122.1840662,19018740,2478571210.2
2025-01-08,sz.000858,122.19340392,123.01512328,119.54149144,121.1102284,19287619,2504007320.49
2025-01-09,sz.000858,121.30632052,123.5847242,119.6628818,121.93194776,15918343,2080588918.09
2025-01-10,sz.000858,121.857246,122.16539076,120.0830792,120.0830792,13537786,1753729758.88
2025-01-13,sz.000858,118.88785104,120.923474,118.55169312,120.6433424,12149103,1562285331.23
2025-01-14,sz.000858,120.7367196,124.4718076,120.3632108,124.21035144,22862469,3014664381.32
2025-01-15,sz.000858,124.4718076,124.82664096,123.46333384,123.97690844,12812277,1701391089.62
2025-01-16,sz.000858,124.5651848,125.4055796,122.38015832,122.77234256,16309620,2160311225.44
2025-01-17,sz.000858,123.257904,125.01339536,122.8377066,123.5380356,15245016,2021963286.68
2025-01-20,sz.000858,124.07962336,126.51676828,123.93955756,125.4055796,19417359,2611169665.15
2025-01-21,sz.000858,125.9191542,126.05922,124.0049216,124.55584708,13279686,1774069694.68
2025-01-22,sz.000858,124.1449874,124.191676,121.51175036,121.7171802,17418217,2277963645.97
2025-01-23,sz.000858,122.888883,124.78461073,122.38399069,122.55546355,18448933,2387735894.45
2025-01-24,sz.000858,121.7457306,122.48877966,120.49778923,121.66952044,18943572,2418169298.34
2025-01-27,sz.000858,121.936256,122.46020085,121.0788917,121.1741544,12653510,1616070922.73
2025-02-05,sz.000858,121.50757385,121.82194076,118.61158777,119.08790127,18691574,2343981886.2
2025-02-06,sz.000858,118.8878496,120.40252653,118.78306063,119.9357393,13819081,1734038681.57
2025-02-07,sz.000858,120.031002,122.77456776,119.19269024,121.58378401,23247330,2960433850.16
2025-02-10,sz.000858,121.63141536,122.1267814,120.8883663,121.48852131,13654558,1740615096.16
2025-02-11,sz.000858,121.5552052,122.00293989,119.76426644,120.27868502,17600170,2221320156.48
2025-02-12,sz.000858,120.27868502,121.65999417,119.6499512,121.6504679,17735327,2240677199.26
2025-02-13,sz.000858,121.66952044,125.746764,121.22178575,125.27997677,46762606,6110655128.57
2025-02-14,sz.000858,124.36545485,125.9372894,123.9367727,125.01324121,21810735,2857398901.05
2025-02-17,sz.000858,125.64197503,127.20428331,124.87987343,125.31808185,20507840,2710093082.35
2025-02-18,sz.000858,125.25139796,126.11828853,123.23182872,124.0320354,18596134,2435399272.53
2025-02-19,sz.000858,124.0320354,125.2704505,123.21277618,124.89892597,15364181,2003027066.45
2025-02-20,sz.000858,124.21303453,126.49933933,124.1272981,124.3178235,13253049,1737767288.45
2025-02-21,sz.000858,124.4130862,126.37549782,123.77482611,124.90845224,21001653,2756687286.09
2025-02-24,sz.000858,124.6988743,127.16617823,124.18445572,125.6515013,24439219,3229422469.21
2025-02-25,sz.000858,124.67982176,124.71792684,122.48877966,122.65072625,22190136,2872796622.15
2025-02-26,sz.000858,122.61262117,123.6509846,122.0315187,123.6509846,17924348,2311292299.8
2025-02-27,sz.000858,123.83198373,126.78512743,123.6509846,126.46123425,37079506,4909364775.13
2025-02-28,sz.000858,126.3183402,129.2714839,125.2704505,125.34666066,33720213,4510232386.21
2025-03-03,sz.000858,125.34666066,129.1762212,124.17492945,124.64171668,21035512,2780161096.24
2025-03-04,sz.000858,123.89866762,124.18445572,122.61262117,123.60335325,14934839,1933207043.52
2025-03-05,sz.000858,123.60335325,123.84151,121.57425774,122.51735847,19936646,2558423708.32
2025-03-06,sz.000858,123.20324991,125.5562386,122.55546355,125.44192336,23585718,3075149470.14
2025-03-07,sz.000858,124.9846624,128.4141196,124.70840057,128.4141196,34007291,4536723523.12
2025-03-10,sz.000858,128.1283315,128.1283315,125.42287082,126.40407663,20635305,2735377365.74
2025-03-11,sz.000858,125.27997677,128.80469667,125.23234542,128.7951704,32103562,4304327283.42
2025-03-12,sz.000858,128.8904331,129.75732367,126.33739274,126.67081219,28801774,3844719011.93
2025-03-13,sz.000858,126.67081219,127.95685864,125.98492075,126.11828853,16792264,2233018514.76
2025-03-14,sz.000858,126.699391,135.25398146,126.699391,134.1298816,76551575,10604804482.24
2025-03-17,sz.000858,135.6540848,136.18755592,132.77715126,133.21535968,38773048,5457575155.24
2025-03-18,sz.000858,133.57735794,133.89172485,132.14841744,132.93909785,18673497,2608207824.85
2025-03-19,sz.000858,132.93909785,134.12035533,131.80547172,132.33894284,16815724,2339543020.11
2025-03-20,sz.000858,132.30083776,132.415153,129.42390422,129.54774573,22872209,3130766821.03
2025-03-21,sz.000858,129.2714839,130.9862125,127.83301713,128.2235942,19713023,2669031188.2
2025-03-24,sz.000858,127.70917562,128.53796111,126.72796981,127.94733237,18048886,2417592735.64
2025-03-25,sz.000858,128.2235942,128.3188569,126.3183402,127.23286212,17567115,2342967012.6
2025-03-26,sz.000858,127.21380958,127.53770276,126.59460203,127.03281045,10882580,1452491544.38
2025-03-27,sz.000858,126.77560116,128.38554079,126.2230775,127.5567553,14086564,1882916851.12
2025-03-28,sz.000858,127.72822816,127.89017475,126.1278148,126.91849521,12099601,1610808297.34
2025-03-31,sz.000858,126.89944267,127.06138926,125.12755645,125.12755645,14485487,1912983576.96
2025-04-01,sz.000858,125.20376661,125.98492075,124.92750478,125.54671233,12170463,1602816956.68
2025-04-02,sz.000858,125.62292249,126.27070885,124.85129462,124.93703105,10102473,1328718376.94
2025-04-03,sz.000858,123.41282785,127.15665196,123.26040753,125.746764,16562264,2187566525.17
2025-04-07,sz.000858,122.4125695,124.27019215,117.9352226,120.77405106,46309272,5889478917.85
2025-04-08,sz.000858,120.77405106,125.02276748,120.77405106,124.56550652,33185668,4295611989.98
2025-04-09,sz.000858,123.3651965,126.54697068,123.22230245,125.98492075,29699887,3910869674.7
2025-04-10,sz.000858,126.0325521,127.16617823,124.3178235,126.84228505,23310636,3091985054.75
2025-04-11,sz.000858,125.9372894,127.14712569,124.39403366,125.3657132,17429334,2296050286.07
2025-04-14,sz.000858,125.2704505,126.38502409,124.80366327,124.83224208,12578106,1655429086.36
2025-04-15,sz.000858,124.794137,125.22281915,123.91772016,125.12755645,11482502,1502439501.46
2025-04-16,sz.000858,124.6036116,126.27070885,123.53666936,126.0325521,16668022,2177739510.25
2025-04-17,sz.000858,125.10850391,126.68986473,124.794137,126.25165631,15292281,2022126157.58
2025-04-18,sz.000858,125.75629027,126.28976139,124.99418867,125.50860725,8947834,1179998315.8
2025-04-21,sz.000858,125.35618693,125.746764,123.97487778,124.16540318,14436366,1887006445.39
2025-04-22,sz.000858,124.0320354,124.54645398,123.3651965,123.9367727,11585468,1507639703.83
2025-04-23,sz.000858,124.29877096,124.5083489,123.41282785,123.81293119,9594427,1246940578.83
2025-04-24,sz.000858,123.6509846,124.0320354,122.89840927,122.94604062,13152369,1703623363.71
2025-04-25,sz.000858,123.0794084,124.05108794,122.85077792,122.93651435,10718307,1388082599.75
2025-04-28,sz.000858,123.94629897,125.42287082,123.7462473,124.65124295,18504541,2422404104.72
2025-04-29,sz.000858,123.98440405,124.4130862,123.16514483,123.41282785,12479570,1619377345.3
2025-04-30,sz.000858,123.46998547,124.1272981,122.57451609,122.6030949,14662657,1893634510.76
2025-05-06,sz.000858,122.888883,123.41282785,122.00293989,123.35567023,14634943,1889145118.08
2025-05-07,sz.000858,124.6988743,125.56576487,123.6509846,123.83198373,15247040,1990960978.19
2025-05-08,sz.000858,123.56524817,126.699391,123.15561856,125.5562386,20802315,2735442055.08
2025-05-09,sz.000858,125.5562386,125.8420267,124.80366327,125.34666066,11054836,1454604448.26
2025-05-12,sz.000858,125.746764,126.93754775,125.2704505,126.67081219,16456000,2182417151.11
2025-05-13,sz.000858,127.32812482,127.32812482,126.15639361,126.68986473,12039542,1599600056.05
2025-05-14,sz.000858,126.42312917,130.68137186,125.90871059,128.85232802,29148950,3932377808.04
2025-05-15,sz.000858,128.61417127,129.16669493,127.28049347,127.33765109,14494424,1947912220.54
2025-05-16,sz.000858,127.06138926,127.26144093,124.84176835,124.87034716,17354288,2288769532.38
2025-05-19,sz.000858,123.0794084,123.9367727,122.77456776,123.1746711,23700824,3062514441.1
2025-05-20,sz.000858,122.888883,123.48903801,122.76504149,123.01272451,15936916,2058475919.06
2025-05-21,sz.000858,123.01272451,123.72719476,122.888883,123.13656602,14169298,1832618626.67
2025-05-22,sz.000858,123.14609229,123.33661769,122.73646268,122.97461943,9605451,1239750922.27
2025-05-23,sz.000858,122.93651435,123.51761682,122.07915005,122.07915005,15037984,1937195759.85
2025-05-26,sz.000858,121.90767719,122.07915005,119.92621303,120.42157907,27361547,3460707609.17
2025-05-27,sz.000858,120.29773756,120.93599765,119.92621303,120.18342232,15126840,1908812014.26
2025-05-28,sz.000858,120.3167901,121.10747051,119.5546885,120.90741884,18138470,2291200545.2
2025-05-29,sz.000858,120.6025782,121.4599425,119.9357393,121.28846964,16034701,2036182267.96
2025-05-30,sz.000858,120.983629,121.50757385,120.031002,120.45015788,14682788,1858195533.38
2025-06-03,sz.000858,119.24984786,119.60231985,118.66874539,118.77353436,23748287,2965933456.49
2025-06-04,sz.000858,118.77353436,119.28795294,118.2210107,118.64969285,19350308,2410315627.36
2025-06-05,sz.000858,118.64969285,119.5546885,118.30674713,119.10695381,20231200,2525601313.34
2025-06-06,sz.000858,119.04979619,119.88810795,118.7925869,119.16411143,11888498,1488927363.02
2025-06-09,sz.000858,119.16411143,119.2689004,118.70685047,119.04026992,19842902,2477799331.4
2025-06-10,sz.000858,118.8878496,119.1736377,118.39248356,118.49727253,17105298,2132365672.41
2025-06-11,sz.000858,118.5067988,119.2689004,118.3162734,118.7925869,14547273,1816144261.52
2025-06-12,sz.000858,118.6020615,118.64969285,116.58249226,116.6968075,38065992,4680660151.56
2025-06-13,sz.000858,116.11570503,116.1252313,113.38166554,113.47692824,36696171,4395342693.8
2025-06-16,sz.000858,112.24803941,112.82914188,111.457359,112.66719529,27148875,3192006584.9
2025-06-17,sz.000858,112.61003767,113.21019268,111.86698861,112.13372417,19650205,2316678379.7
2025-06-18,sz.000858,113.06729863,113.78176888,112.28614449,112.72435291,20049069,2378709213.87
2025-06-19,sz.000858,111.98130385,112.83866815,111.5526217,111.72409456,16357242,1926506404.1
2025-06-20,sz.000858,111.9336725,114.31524,111.81935726,113.89608412,29681382,3536127314.97
2025-06-23,sz.000858,113.2673503,113.44834943,112.20993433,112.67672156,17338663,2053039386.25
2025-06-24,sz.000858,112.95298339,114.30571373,112.7910368,114.07708325,17895787,2138966777.28
2025-06-25,sz.000858,114.31524,114.52481794,113.24829776,114.48671286,17864721,2135738739.04
2025-06-26,sz.000858,114.42002897,114.92492128,113.96276801,114.05803071,16637264,1997480065.35
2025-06-27,sz.000858,114.03897817,114.24855611,113.40071808,113.53408586,16021567,1913691951.75
2025-06-30,sz.000858,113.53408586,113.91513666,112.67672156,113.2673503,22368008,2660701232.46
2025-07-01,sz.000858,113.35308673,113.35308673,112.67672156,113.01014101,12218321,1449250746.04
2025-07-02,sz.000858,113.01014101,114.2199773,112.89582577,113.53408586,15447681,1840968959.54
2025-07-03,sz.000858,113.53408586,114.15329341,113.2673503,113.95324174,12243011,1463537870.11
2025-07-04,sz.000858,113.63887483,115.02971025,113.54361213,114.68676453,17067930,2049279008.08
2025-07-07,sz.000858,114.51529167,114.81060604,114.13424087,114.22950357,8581080,1030097660.83
2025-07-08,sz.000858,114.17234595,115.14402549,114.15329341,115.05828906,11663123,1404970363.01
2025-07-09,sz.000858,115.10592041,117.03022695,114.78202723,115.8394432,20349574,2482658941.47
2025-07-10,sz.000858,115.29644581,117.05880576,115.1726043,116.77301766,16271646,1983620003.9
2025-07-11,sz.000858,116.76349139,119.05932246,116.43007194,118.4115361,28718907,3562808114.22
2025-07-14,sz.000858,118.46869372,119.59279358,117.5541718,119.46895207,21913998,2734366850.91
2025-07-15,sz.000858,118.90690214,119.57374104,118.43058864,119.078375,19332839,2415360199.92
2025-07-16,sz.000858,118.6973242,119.91668676,118.6973242,119.34511056,17869945,2237883046.03
2025-07-17,sz.000858,119.34511056,120.13579097,118.95453349,119.85952914,17299880,2171582212.29
2025-07-18,sz.000858,120.08435712,121.81408785,119.08756314,120.96388122,21020856,2597764485.28
2025-07-21,sz.000858,120.96388122,120.97365371,119.46869025,119.77163744,18778433,2304021397.08
2025-07-22,sz.000858,119.77163744,123.02587661,119.77163744,122.67406697,30377165,3784887029.55
2025-07-23,sz.000858,122.8401993,123.99335312,122.28316737,122.3515748,22906716,2887980079.32
2025-07-24,sz.000858,122.30271235,122.89883424,121.6675005,122.69361195,15601222,1955643592.43
2025-07-25,sz.000858,122.69361195,122.7424744,120.66093403,120.72934146,18400674,2284994445.37
2025-07-28,sz.000858,120.70979648,121.34500833,119.224378,121.23751094,17851106,2196293738.38
2025-07-29,sz.000858,120.6902515,121.16910351,119.4198278,120.70979648,18515092,2276717869.45
2025-07-30,sz.000858,120.74888644,122.30271235,120.47525672,121.68704548,22412427,2789922636.36
2025-07-31,sz.000858,121.19842098,121.2766009,118.10054165,118.39371635,30468735,3717607979.08
2025-08-01,sz.000858,118.38394386,118.85302338,117.65100711,118.247129,12322595,1491109254.91
2025-08-04,sz.000858,117.88554687,118.47189627,117.70964205,118.16894908,8593314,1038364797.9
2025-08-05,sz.000858,118.19826655,119.43937278,118.19826655,119.17551555,13944554,1698256512.41
2025-08-06,sz.000858,119.19506053,119.7130025,118.72598101,119.38073784,11968359,1460865583.17
2025-08-07,sz.000858,119.35142037,120.33844186,119.17551555,119.76186495,11570286,1419842885.34
2025-08-08,sz.000858,119.76186495,120.08435712,119.18528804,119.43937278,8242559,1008572356.44
2025-08-11,sz.000858,119.37096535,121.52091315,119.33187539,121.12024106,18266039,2257903784.2
2025-08-12,sz.000858,121.0811511,122.47861717,120.21139949,120.38730431,21137375,2625229653.63
2025-08-13,sz.000858,120.21139949,120.66093403,119.73254748,120.38730431,15582285,1916294685.52
2025-08-14,sz.000858,120.37753182,122.00953765,119.97685973,120.04526716,19906336,2461442361.7
2025-08-15,sz.000858,119.75209246,120.4948017,119.1266531,120.2993519,19394317,2376497642.36
2025-08-18,sz.000858,120.2993519,121.82386034,120.01594969,120.93456375,25530142,3163846038.28
2025-08-19,sz.000858,120.95410873,122.88906175,120.95410873,121.57954809,32724162,4087820977.62
2025-08-20,sz.000858,121.58932058,123.6219985,120.54366415,122.91837922,40431044,5083056590.98
2025-08-21,sz.000858,122.9379242,123.26041637,122.01931014,122.59588705,23189477,2908492490.98
2025-08-22,sz.000858,122.59588705,122.95746918,122.10726255,122.92815171,20484997,2567683361.09
2025-08-25,sz.000858,123.30927882,127.13032241,123.30927882,126.97396257,47980003,6165955080.5
2025-08-26,sz.000858,126.97396257,128.85028065,125.72308385,126.78828526,34979445,4552425052.89
2025-08-27,sz.000858,126.5537455,126.5537455,123.7197234,123.73926838,34684706,4441325743.63
2025-08-28,sz.000858,123.72949589,124.3060728,121.178876,122.61543203,34583488,4340085829.48
2025-08-29,sz.000858,123.30927882,126.8469202,123.25064388,126.58306297,43525090,5610236643.19
2025-09-01,sz.000858,127.04237,127.1400949,124.61879248,125.93807863,31694195,4074402940.83
2025-09-02,sz.000858,125.48854409,128.13688888,125.19536939,125.63513144,34916169,4522779364.71
2025-09-03,sz.000858,126.065121,128.5082435,123.51450111,123.73926838,30286319,3883434402.01
2025-09-04,sz.000858,123.4265487,123.6219985,121.89226777,122.65452199,26187312,3286629624.84
2025-09-05,sz.000858,122.5470246,124.13016798,121.9606752,123.92494569,20173355,2537085184.54
2025-09-08,sz.000858,123.8174483,126.21170835,123.38745874,126.15307341,30536352,3923785754.0
2025-09-09,sz.000858,126.14330092,126.43647562,124.67742742,125.8696712,18440608,2368186108.24
2025-09-10,sz.000858,125.8696712,126.53420052,124.75560734,125.14650694,19964491,2565580225.42
2025-09-11,sz.000858,124.52106758,125.61558646,123.9151732,125.59604148,22997326,2932816233.12
2025-09-12,sz.000858,125.5764965,126.71987783,124.22789288,124.29630031,26270390,3359522973.5
2025-09-15,sz.000858,123.7197234,124.2083479,123.18223645,123.76858585,16656948,2109473460.31
2025-09-16,sz.000858,123.76858585,123.96403565,122.5470246,122.9379242,19108652,2405374663.48
2025-09-17,sz.000858,122.94769669,123.45586617,121.98022018,123.09428404,18133640,2276167359.8
2025-09-18,sz.000858,123.08451155,123.09428404,120.71956897,121.12024106,27547752,3434002462.59
2025-09-19,sz.000858,121.11046857,121.7652254,120.0061772,121.25705592,19668801,2431126955.62
2025-09-22,sz.000858,120.7879764,120.8857013,119.40028282,119.7130025,19643327,2412049778.93
2025-09-23,sz.000858,119.23415049,120.45571174,118.79438844,119.41005531,17207909,2101237748.88
2025-09-24,sz.000858,119.41005531,120.05503965,119.0289282,119.58596013,13056429,1597546878.68
2025-09-25,sz.000858,119.6152776,119.86936234,118.74552599,118.75529848,19455497,2371492766.58
2025-09-26,sz.000858,118.75529848,118.90188583,117.28942498,117.43601233,26192542,3154953964.4
2025-09-29,sz.000858,117.52396474,119.78140993,117.06465771,119.14619808,25635752,3105049103.74
2025-09-30,sz.000858,118.67711856,119.05824567,118.12008663,118.71620852,15457057,1875945187.3
2025-10-09,sz.000858,118.67711856,118.67711856,117.16238261,118.40348884,20375652,2455273213.22
2025-10-10,sz.000858,118.38394386,119.34164788,117.90509185,117.98327177,17535995,2126979085.42
2025-10-13,sz.000858,116.92784285,117.6607796,116.52717076,117.12329265,19583470,2345294275.78
2025-10-14,sz.000858,117.82691193,119.78140993,117.28942498,119.29278543,29165582,3543893434.16
2025-10-15,sz.000858,118.57939366,119.85958985,118.30576394,119.29278543,19459557,2371853782.76
2025-10-16,sz.000858,118.98006575,119.95731475,118.7357535,119.94754226,19847810,2427170002.37
2025-10-17,sz.000858,119.224378,120.16253704,118.30576394,118.31553643,18040798,2197211376.19
2025-10-20,sz.000858,118.58916615,118.78461595,117.3676049,117.71941454,13164496,1589202775.08
2025-10-21,sz.000858,118.03213422,118.7357535,117.61191715,117.77804948,14729356,1780274210.51
2025-10-22,sz.000858,117.26988,118.02236173,117.1721551,117.3676049,12782668,1536553799.65
2025-10-23,sz.000858,117.26988,118.68689105,117.23079004,118.56962117,15571808,1879432996.48
2025-10-24,sz.000858,118.21781153,118.52075872,117.3676049,117.55328221,17432200,2099912710.83
2025-10-27,sz.000858,117.31874245,117.80736695,117.15261012,117.55328221,14394337,1729967256.59
2025-10-28,sz.000858,117.55328221,117.94418181,117.27965249,117.3676049,14019459,1686492047.71
2025-10-29,sz.000858,117.13306514,117.22101755,115.52060429,116.12649867,24508270,2910549079.75
2025-10-30,sz.000858,115.32515449,116.83011795,115.315382,115.77468903,20432985,2423170733.86
2025-10-31,sz.000858,112.7745346,116.91807036,112.7745346,116.28285851,42107702,4986642236.88
2025-11-03,sz.000858,115.8040065,116.8789804,114.8267575,116.27308602,22327034,2646147017.83
2025-11-04,sz.000858,116.07763622,116.28285851,114.34790549,114.49449284,17273363,2034069113.26
2025-11-05,sz.000858,113.70292115,114.338133,113.360884,113.53678882,16463035,1915561293.49
2025-11-06,sz.000858,113.85928099,114.6313077,113.41951894,113.52701633,15467307,1803321901.63
2025-11-07,sz.000858,113.52701633,114.32836051,113.31202155,114.09382075,14543557,1694831993.2
2025-11-10,sz.000858,114.09382075,118.81393342,113.88859846,118.0516792,42906459,5132402568.96
2025-11-11,sz.000858,117.51419225,118.21781153,116.4880808,118.03213422,22926794,2754670109.74
2025-11-12,sz.000858,118.04190671,119.7130025,117.61191715,117.64123462,22254439,2700551156.56
2025-11-13,sz.000858,117.26988,118.51098623,116.90829787,118.4425788,16002293,1928439961.07
2025-11-14,sz.000858,117.93440932,119.21460551,117.45555731,117.47510229,13924365,1683294872.05
2025-11-17,sz.000858,117.28942498,117.78782197,116.30240349,117.41646735,11738778,1406740311.9
2025-11-18,sz.000858,117.26988,118.98006575,117.03534024,117.62168964,14766867,1784778981.66
2025-11-19,sz.000858,117.58259968,117.74873201,116.9767053,117.16238261,9514962,1142098879.05
2025-11-20,sz.000858,117.15261012,118.87256836,116.8789804,117.51419225,15825845,1909518433.06
2025-11-21,sz.000858,117.37737739,118.64780109,116.69330309,116.95716032,20507164,2468277643.79
2025-11-24,sz.000858,117.02556775,117.71941454,115.8040065,115.82355148,17301096,2066246185.87
2025-11-25,sz.000858,115.82355148,116.20467859,115.14924967,115.81377899,14660888,1735233690.37
2025-11-26,sz.000858,115.82355148,116.57603321,115.315382,115.56946674,9169759,1085069921.14
2025-11-27,sz.000858,115.6085567,115.79423401,115.0222073,115.25674706,9215651,1087246956.09
2025-11-28,sz.000858,115.2176571,115.25674706,114.68017015,115.16879465,8029619,945107391.43
2025-12-01,sz.000858,115.1199322,115.92127638,114.4358579,114.97334485,12091201,1422932700.05
2025-12-02,sz.000858,114.9244824,115.09061473,113.8495085,113.91791593,12492841,1461213467.33
2025-12-03,sz.000858,114.06450328,114.38699545,112.8722595,112.9699844,16587100,1923087546.31
2025-12-04,sz.000858,112.97975689,113.11657175,111.52365588,111.84614805,16929153,1940544885.11
2025-12-05,sz.000858,111.86569303,112.74521713,111.61160829,112.34454504,11768183,1351054927.14
2025-12-08,sz.000858,112.23704765,112.51067737,110.5268619,110.69299423,27697874,3157374146.68
2025-12-09,sz.000858,110.429137,110.50731692,107.9860145,108.35736912,30431037,3390789037.33
2025-12-10,sz.000858,107.9860145,109.20757575,107.01853799,109.08053338,17869587,1984146057.73
2025-12-11,sz.000858,109.451888,110.16527977,109.23689322,109.3541631,15788422,1772255901.76
2025-12-12,sz.000858,109.7450627,111.1132113,109.0609884,109.0609884,25702210,2889348466.87
2025-12-15,sz.000858,109.7450627,110.68322174,109.50075045,109.89165005,21568629,2429077630.45
2025-12-16,sz.000858,109.451888,110.51708941,109.11962334,110.429137,14506767,1631458612.14
2025-12-17,sz.000858,110.429137,111.16207375,109.5496129,110.8200366,15314001,1732389485.74
2025-12-18,sz.000858,110.82,111.16,110.33,110.43,12462850,1379153249.95
2025-12-19,sz.000858,110.65,110.88,110.04,110.53,13818718,1526045351.12
2025-12-22,sz.000858,110.51,110.8,110.12,110.33,10846497,1197376767.17
2025-12-23,sz.000858,110.13,110.43,109.33,109.72,11354023,1248444947.76
2025-12-24,sz.000858,109.5,109.59,108.78,109.28,11790469,1286401443.89
2025-12-25,sz.000858,109.28,110.7,109.2,110.6,12570809,1385101983.39
2025-12-26,sz.000858,110.1,110.49,109.44,109.78,11475889,1261539559.56
2025-12-29,sz.000858,109.44,109.6,108.0,108.06,19545251,2119598415.75
2025-12-30,sz.000858,107.9,107.99,107.02,107.36,15847027,1700875913.94
2025-12-31,sz.000858,107.19,107.25,105.61,105.94,20867682,2214652657.67
2026-01-05,sz.000858,105.9,108.19,105.7,107.9,22266864,2390973424.47
2026-01-06,sz.000858,107.92,108.43,106.92,108.17,18623239,2006335249.82
2026-01-07,sz.000858,108.18,108.34,107.4,107.52,12309189,1326159416.45
2026-01-08,sz.000858,107.38,107.38,106.66,106.9,12912133,1379204588.92
2026-01-09,sz.000858,107.05,108.55,106.88,107.14,16074962,1727812911.25
2026-01-12,sz.000858,107.15,108.85,107.13,108.55,23335607,2526732763.84
2026-01-13,sz.000858,108.99,109.22,107.82,108.0,19737379,2140822642.57
2026-01-14,sz.000858,107.88,108.84,106.68,107.04,22560863,2430589610.24
2026-01-15,sz.000858,106.7,107.22,106.02,106.09,16292886,1733698629.33
2026-01-16,sz.000858,106.25,106.41,105.05,105.16,19870993,2096582183.89
2026-01-19,sz.000858,104.99,105.38,104.34,104.55,18229885,1908481790.79
2026-01-20,sz.000858,104.5,105.47,104.3,104.91,17281662,1813980704.79
2026-01-21,sz.000858,104.62,104.7,103.0,103.05,26228280,2711884886.18
2026-01-22,sz.000858,103.07,103.72,102.61,102.76,18691474,1926511774.17
2026-01-23,sz.000858,102.8,103.71,102.7,102.99,21455918,2214166356.93
2026-01-26,sz.000858,102.96,103.5,101.06,102.34,31296115,3203042467.48
2026-01-27,sz.000858,102.12,102.33,101.02,101.02,22528720,2283721967.52
2026-01-28,sz.000858,101.03,101.85,100.63,100.7,26676739,2696600350.89
2026-01-29,sz.000858,100.7,110.77,100.5,110.77,98660393,10450873885.52
2026-01-30,sz.000858,110.77,110.78,105.0,105.0,66817118,7156298338.79
2026-02-02,sz.000858,105.08,110.76,105.08,107.29,53197704,5754087576.64
2026-02-03,sz.000858,107.08,108.78,106.6,107.28,33164323,3556634123.24
2026-02-04,sz.000858,106.5,109.41,106.28,108.52,37891682,4088740226.48
2026-02-05,sz.000858,107.9,110.55,107.66,108.89,37284641,4071834696.1
2026-02-06,sz.000858,108.9,109.73,106.81,107.0,27652192,2975510011.68
2026-02-09,sz.000858,106.8,107.69,106.47,107.36,20889162,2237802124.03
2026-02-10,sz.000858,107.18,107.18,105.79,106.5,18504047,1967153218.0
2026-02-11,sz.000858,106.31,106.65,105.85,106.04,11499591,1219688887.85
2026-02-12,sz.000858,105.9,106.11,104.4,104.62,18172982,1906604083.34
2026-02-13,sz.000858,104.7,106.88,104.17,106.06,24123984,2557578441.15
